D_414.01,0
D_411.1,1
D_424.1,2
D_V45.82,3
D_272.4,4
D_401.9,5
D_600.00,6
D_389.9,7
D_225.2,8
D_348.5,9
D_780.39,10
D_272.0,11
D_V45.81,12
D_V45.79,13
D_V15.82,14
D_410.71,15
D_428.0,16
D_425.4,17
D_427.31,18
D_997.1,19
D_426.0,20
D_E879.0,21
D_427.89,22
D_428.22,23
D_426.3,24
D_V58.61,25
D_244.9,26
D_365.9,27
D_496,28
D_305.1,29
D_530.81,30
D_V10.51,31
D_596.8,32
D_998.31,33
D_998.11,34
D_415.11,35
D_453.8,36
D_996.72,37
D_553.21,38
D_518.5,39
D_486,40
D_997.39,41
D_518.0,42
D_414.00,43
D_300.00,44
D_571.5,45
D_572.2,46
D_286.7,47
D_456.20,48
D_345.3,49
D_482.41,50
D_518.81,51
D_572.3,52
D_795.89,53
D_250.00,54
D_V58.67,55
D_573.9,56
D_038.10,57
D_995.92,58
D_599.0,59
D_155.0,60
D_584.9,61
D_427.1,62
D_728.88,63
D_785.52,64
D_482.40,65
D_999.9,66
D_284.1,67
D_473.0,68
D_276.52,69
D_785.59,70
D_038.9,71
D_345.01,72
D_518.83,73
D_250.02,74
D_707.03,75
D_530.82,76
D_263.9,77
D_428.23,78
D_530.10,79
D_276.0,80
D_V44.0,81
D_553.3,82
D_787.91,83
D_507.0,84
D_707.24,85
D_571.8,86
D_V44.1,87
D_789.59,88
D_511.9,89
D_250.80,90
D_280.9,91
D_458.9,92
D_788.5,93
D_996.81,94
D_585.6,95
D_403.91,96
D_276.2,97
D_E878.0,98
D_008.8,99
D_275.41,100
D_531.40,101
D_V42.0,102
D_285.1,103
D_996.74,104
D_041.86,105
D_790.29,106
D_288.60,107
D_211.3,108
D_852.21,109
D_396.0,110
D_397.0,111
D_253.6,112
D_E885.9,113
D_852.20,114
D_491.21,115
D_585,116
D_518.82,117
D_276.50,118
D_491.20,119
D_410.72,120
D_458.8,121
D_294.8,122
D_V12.51,123
D_202.80,124
D_288.0,125
D_287.5,126
D_578.1,127
D_999.8,128
D_579.0,129
D_693.0,130
D_284.8,131
D_996.85,132
D_569.83,133
D_567.2,134
D_995.91,135
D_276.3,136
D_799.4,137
D_112.0,138
D_276.5,139
D_255.4,140
D_351.0,141
D_088.0,142
D_998.2,143
D_276.8,144
D_311,145
D_431,146
D_042,147
D_428.20,148
D_585.9,149
D_276.1,150
D_285.9,151
D_V14.1,152
D_V07.1,153
D_570,154
D_191.9,155
D_348.4,156
D_787.01,157
D_564.00,158
D_V42.82,159
D_332.0,160
D_E879.8,161
D_441.2,162
D_V42.81,163
D_238.75,164
D_300.4,165
D_600.01,166
D_788.43,167
D_327.23,168
D_V10.79,169
D_V43.3,170
D_585.3,171
D_723.4,172
D_424.0,173
D_079.99,174
D_788.41,175
D_335.20,176
D_518.84,177
D_198.3,178
D_162.3,179
D_783.21,180
D_255.9,181
D_162.9,182
D_427.5,183
D_276.51,184
D_789.5,185
D_333.4,186
D_790.6,187
D_780.6,188
D_996.73,189
D_274.9,190
D_582.9,191
D_428.33,192
D_403.11,193
D_252.00,194
D_278.00,195
D_V10.05,196
D_281.1,197
D_285.21,198
D_276.7,199
D_532.91,200
D_V45.11,201
D_515,202
D_535.50,203
D_535.60,204
D_530.85,205
D_710.0,206
D_578.0,207
D_446.6,208
D_403.01,209
D_582.81,210
D_588.89,211
D_443.0,212
D_786.59,213
D_437.2,214
D_425.1,215
D_V49.83,216
D_583.81,217
D_364.3,218
D_790.7,219
D_996.62,220
D_998.12,221
D_360.01,222
D_112.89,223
D_V58.65,224
D_782.1,225
D_379.00,226
D_376.32,227
D_370.05,228
D_364.00,229
D_404.92,230
D_V45.1,231
D_041.19,232
D_V45.78,233
D_360.19,234
D_585.5,235
D_432.9,236
D_401.0,237
D_V45.89,238
D_V45.69,239
D_459.2,240
D_458.29,241
D_287.4,242
D_795.00,243
D_789.09,244
D_251.8,245
D_E932.0,246
D_348.39,247
D_283.9,248
D_784.2,249
D_611.72,250
D_275.3,251
D_787.02,252
D_E942.6,253
D_959.6,254
D_E928.9,255
D_588.81,256
D_724.3,257
D_790.92,258
D_285.29,259
D_345.90,260
D_518.89,261
D_780.60,262
D_416.8,263
D_423.9,264
D_789.06,265
D_789.00,266
D_784.0,267
D_558.9,268
D_228.04,269
D_338.29,270
D_996.56,271
D_995.1,272
D_E878.1,273
D_799.02,274
D_E935.2,275
D_999.2,276
D_451.84,277
D_729.92,278
D_V45.12,279
D_965.09,280
D_780.97,281
D_E850.2,282
D_276.6,283
D_289.81,284
D_041.04,285
D_E879.1,286
D_041.12,287
D_789.07,288
D_V15.81,289
D_V64.2,290
D_789.04,291
D_443.9,292
D_V02.54,293
D_443.89,294
D_560.9,295
D_355.9,296
D_531.90,297
D_V12.54,298
D_786.1,299
D_793.1,300
D_338.19,301
D_733.99,302
D_622.11,303
D_423.2,304
D_433.31,305
D_436,306
D_433.20,307
D_493.90,308
D_070.70,309
D_447.8,310
D_414.02,311
D_440.21,312
D_585.4,313
D_440.0,314
D_403.90,315
D_V10.46,316
D_V10.11,317
D_V12.09,318
D_V09.0,319
D_560.89,320
D_998.59,321
D_250.60,322
D_357.2,323
D_730.28,324
D_135,325
D_349.82,326
D_721.41,327
D_214.8,328
D_724.01,329
D_780.57,330
D_412,331
D_189.0,332
D_682.3,333
D_599.7,334
D_414.8,335
D_V45.02,336
D_E934.2,337
D_441.01,338
D_569.62,339
D_579.3,340
D_557.0,341
D_576.1,342
D_557.1,343
D_440.1,344
D_038.49,345
D_720.2,346
D_733.42,347
D_V44.2,348
D_410.41,349
D_410.81,350
D_441.03,351
D_510.9,352
D_286.9,353
D_584.5,354
D_519.1,355
D_293.0,356
D_478.29,357
D_413.9,358
D_286.6,359
D_531.00,360
D_725,361
D_203.00,362
D_070.54,363
D_070.44,364
D_571.2,365
D_572.4,366
D_511.8,367
D_280.0,368
D_303.93,369
D_112.2,370
D_745.5,371
D_V12.59,372
D_785.51,373
D_722.0,374
D_719.46,375
D_438.89,376
D_038.8,377
D_707.09,378
D_008.45,379
D_572.0,380
D_V09.80,381
D_185,382
D_E878.8,383
D_V30.00,384
D_773.1,385
D_V05.3,386
D_852.46,387
D_805.4,388
D_E815.0,389
D_965.4,390
D_305.90,391
D_E950.0,392
D_E849.9,393
D_296.80,394
D_314.01,395
D_V65.2,396
D_433.30,397
D_438.9,398
D_447.1,399
D_348.31,400
D_682.6,401
D_438.20,402
D_440.20,403
D_512.1,404
D_482.1,405
D_435.9,406
D_V10.52,407
D_V13.01,408
D_E930.8,409
D_197.0,410
D_197.7,411
D_568.82,412
D_199.1,413
D_V64.1,414
D_V66.7,415
D_494.0,416
D_V45.73,417
D_786.50,418
D_820.22,419
D_E888.9,420
D_266.2,421
D_733.82,422
D_292.81,423
D_V45.01,424
D_997.62,425
D_785.4,426
D_250.51,427
D_250.41,428
D_458.2,429
D_369.4,430
D_V49.75,431
D_250.71,432
D_V49.76,433
D_593.9,434
D_369.3,435
D_536.3,436
D_250.93,437
D_369.00,438
D_441.4,439
D_997.3,440
D_997.02,441
D_434.11,442
D_998.89,443
D_E942.1,444
D_577.0,445
D_995.94,446
D_574.21,447
D_482.83,448
D_577.2,449
D_560.1,450
D_V11.3,451
D_V63.2,452
D_579.9,453
D_577.1,454
D_574.90,455
D_553.1,456
D_783.7,457
D_228.09,458
D_568.81,459
D_459.0,460
D_562.10,461
D_714.0,462
D_041.00,463
D_204.10,464
D_444.81,465
D_440.30,466
D_440.23,467
D_682.7,468
D_707.14,469
D_250.40,470
D_038.11,471
D_440.29,472
D_275.42,473
D_E849.0,474
D_250.50,475
D_362.01,476
D_250.01,477
D_577.8,478
D_348.1,479
D_722.92,480
D_805.04,481
D_996.4,482
D_578.9,483
D_344.00,484
D_V31.01,485
D_769,486
D_771.81,487
D_775.6,488
D_765.16,489
D_765.26,490
D_770.81,491
D_779.3,492
D_691.0,493
D_996.86,494
D_466.0,495
D_289.7,496
D_V42.83,497
D_268.9,498
D_530.12,499
D_V10.44,500
D_E931.8,501
D_283.0,502
D_428.21,503
D_780.01,504
D_117.7,505
D_484.7,506
D_357.81,507
D_292.0,508
D_276.4,509
D_707.19,510
D_786.3,511
D_117.3,512
D_117.9,513
D_417.8,514
D_279.49,515
D_710.9,516
D_356.9,517
D_257.2,518
D_564.09,519
D_V43.64,520
D_198.5,521
D_V43.65,522
D_733.19,523
D_V10.53,524
D_255.41,525
D_V45.4,526
D_V58.69,527
D_285.22,528
D_574.91,529
D_396.3,530
D_997.5,531
D_427.32,532
D_969.4,533
D_780.09,534
D_E853.2,535
D_980.0,536
D_305.00,537
D_E860.0,538
D_724.2,539
D_788.39,540
D_562.12,541
D_455.0,542
D_455.3,543
D_562.13,544
D_588.1,545
D_V62.5,546
D_E939.8,547
D_458.21,548
D_323.8,549
D_276.9,550
D_253.5,551
D_344.89,552
D_794.00,553
D_296.89,554
D_290.40,555
D_437.0,556
D_297.1,557
D_398.91,558
D_426.4,559
D_V10.3,560
D_V42.2,561
D_457.0,562
D_395.0,563
D_053.19,564
D_428.32,565
D_358.1,566
D_250.62,567
D_729.1,568
D_416.9,569
D_346.90,570
D_682.2,571
D_346.80,572
D_999.31,573
D_038.0,574
D_517.8,575
D_289.84,576
D_348.30,577
D_511.0,578
D_719.41,579
D_473.9,580
D_733.00,581
D_722.10,582
D_990,583
D_V10.41,584
D_595.82,585
D_909.2,586
D_V54.19,587
D_V88.01,588
D_593.3,589
D_569.3,590
D_009.0,591
D_619.1,592
D_569.2,593
D_338.4,594
D_788.29,595
D_567.22,596
D_518.4,597
D_591,598
D_518.7,599
D_E934.7,600
D_E879.2,601
D_V44.3,602
D_430,603
D_348.8,604
D_,605
D_136.3,606
D_204.00,607
D_288.00,608
D_038.3,609
D_569.81,610
D_359.81,611
D_357.82,612
D_998.32,613
D_567.21,614
D_567.82,615
D_357.0,616
D_288.03,617
D_E933.1,618
D_E879.9,619
D_852.22,620
D_250.82,621
D_432.1,622
D_784.3,623
D_293.9,624
D_731.0,625
D_785.0,626
D_790.01,627
D_780.79,628
D_V58.43,629
D_787.2,630
D_438.11,631
D_438.0,632
D_806.04,633
D_805.2,634
D_E880.9,635
D_807.01,636
D_873.0,637
D_574.20,638
D_428.31,639
D_707.07,640
D_273.8,641
D_V54.17,642
D_410.91,643
D_359.4,644
D_191.6,645
D_155.2,646
D_780.71,647
D_V42.7,648
D_995.93,649
D_996.82,650
D_V10.07,651
D_456.21,652
D_041.09,653
D_455.2,654
D_997.31,655
D_807.02,656
D_455.5,657
D_E884.4,658
D_E849.7,659
D_537.89,660
D_324.1,661
D_730.08,662
D_722.93,663
D_333.99,664
D_E939.0,665
D_737.30,666
D_592.1,667
D_532.40,668
D_038.42,669
D_437.3,670
D_785.6,671
D_500,672
D_396.8,673
D_573.3,674
D_398.90,675
D_V49.72,676
D_433.10,677
D_V17.3,678
D_444.22,679
D_440.22,680
D_162.5,681
D_196.1,682
D_427.81,683
D_V64.42,684
D_V87.41,685
D_V15.3,686
D_788.30,687
D_078.5,688
D_741.90,689
D_041.6,690
D_784.7,691
D_344.1,692
D_493.20,693
D_997.4,694
D_576.8,695
D_273.2,696
D_482.2,697
D_289.83,698
D_287.31,699
D_482.0,700
D_537.82,701
D_788.20,702
D_569.49,703
D_493.22,704
D_428.41,705
D_792.1,706
D_569.85,707
D_342.80,708
D_784.51,709
D_153.4,710
D_198.2,711
D_998.13,712
D_V49.86,713
D_599.71,714
D_453.41,715
D_867.0,716
D_579.8,717
D_070.1,718
D_E879.6,719
D_357.5,720
D_442.2,721
D_441.3,722
D_996.1,723
D_V15.07,724
D_372.72,725
D_556.9,726
D_510.0,727
D_440.24,728
D_242.90,729
D_492.0,730
D_998.81,731
D_112.1,732
D_041.4,733
D_707.15,734
D_394.1,735
D_198.4,736
D_197.3,737
D_160.3,738
D_324.0,739
D_996.69,740
D_170.0,741
D_410.31,742
D_724.00,743
D_200.00,744
D_041.3,745
D_552.8,746
D_451.82,747
D_291.0,748
D_281.9,749
D_291.81,750
D_303.90,751
D_303.01,752
D_492.8,753
D_516.3,754
D_V46.2,755
D_235.2,756
D_456.1,757
D_786.09,758
D_V55.0,759
D_934.9,760
D_E911,761
D_516.31,762
D_386.00,763
D_721.90,764
D_V45.71,765
D_039.1,766
D_153.8,767
D_456.8,768
D_282.49,769
D_459.81,770
D_E935.9,771
D_250.92,772
D_V10.09,773
D_576.2,774
D_379.41,775
D_585.2,776
D_595.89,777
D_250.61,778
D_038.43,779
D_519.2,780
D_427.41,781
D_304.41,782
D_425.5,783
D_070.30,784
D_304.31,785
D_275.2,786
D_490,787
D_996.61,788
D_070.22,789
D_421.0,790
D_707.11,791
D_041.85,792
D_305.50,793
D_707.8,794
D_719.45,795
D_724.5,796
D_305.20,797
D_975.4,798
D_295.90,799
D_E858.6,800
D_806.4,801
D_805.6,802
D_808.0,803
D_808.2,804
D_E882,805
D_975.5,806
D_E980.4,807
D_296.7,808
D_971.1,809
D_304.01,810
D_996.64,811
D_999.39,812
D_295.70,813
D_307.9,814
D_305.01,815
D_945.36,816
D_958.3,817
D_958.4,818
D_052.1,819
D_289.9,820
D_948.00,821
D_E924.1,822
D_331.4,823
D_444.89,824
D_998.0,825
D_997.01,826
D_333.2,827
D_572.8,828
D_415.19,829
D_416.0,830
D_309.81,831
D_567.8,832
D_410.11,833
D_519.01,834
D_E934.4,835
D_564.1,836
D_721.0,837
D_823.00,838
D_737.43,839
D_E927,840
D_333.94,841
D_378.52,842
D_V08,843
D_530.7,844
D_E849.8,845
D_041.11,846
D_982.8,847
D_E950.9,848
D_568.0,849
D_592.0,850
D_296.20,851
D_567.38,852
D_560.81,853
D_765.28,854
D_774.2,855
D_765.17,856
D_764.07,857
D_V29.0,858
D_920,859
D_458.0,860
D_E888.8,861
D_V46.11,862
D_331.0,863
D_294.10,864
D_707.21,865
D_426.13,866
D_482.82,867
D_536.41,868
D_536.42,869
D_707.22,870
D_820.21,871
D_E884.2,872
D_E947.8,873
D_428.30,874
D_593.2,875
D_410.82,876
D_571.6,877
D_112.5,878
D_722.72,879
D_733.13,880
D_996.59,881
D_733.09,882
D_737.41,883
D_707.0,884
D_345.91,885
D_796.3,886
D_709.9,887
D_274.0,888
D_354.2,889
D_V58.66,890
D_446.0,891
D_533.90,892
D_736.79,893
D_396.2,894
D_444.1,895
D_V30.01,896
D_241.1,897
D_823.32,898
D_980.9,899
D_E980.9,900
D_E968.9,901
D_781.3,902
D_780.52,903
D_V10.85,904
D_V45.2,905
D_423.0,906
D_E931.0,907
D_478.31,908
D_553.29,909
D_715.90,910
D_426.7,911
D_790.99,912
D_552.21,913
D_278.01,914
D_424.90,915
D_070.32,916
D_157.3,917
D_707.06,918
D_707.01,919
D_730.22,920
D_729.9,921
D_528.9,922
D_530.3,923
D_303.03,924
D_721.3,925
D_V10.83,926
D_747.42,927
D_405.01,928
D_786.6,929
D_723.1,930
D_054.79,931
D_049.0,932
D_202.88,933
D_575.11,934
D_V85.4,935
D_786.52,936
D_V45.3,937
D_535.40,938
D_426.82,939
D_V45.86,940
D_429.9,941
D_E933.0,942
D_277.3,943
D_459.9,944
D_277.30,945
D_765.14,946
D_765.24,947
D_777.5,948
D_770.7,949
D_747.0,950
D_776.6,951
D_777.8,952
D_779.81,953
D_362.21,954
D_774.6,955
D_779.89,956
D_228.01,957
D_464.10,958
D_152.2,959
D_162.8,960
D_729.73,961
D_275.0,962
D_535.01,963
D_V72.1,964
D_707.05,965
D_997.2,966
D_444.0,967
D_041.7,968
D_753.12,969
D_378.51,970
D_452,971
D_573.4,972
D_434.91,973
D_162.2,974
D_V53.32,975
D_457.8,976
D_155.1,977
D_567.89,978
D_197.8,979
D_156.9,980
D_562.11,981
D_403.00,982
D_252.1,983
D_041.89,984
D_V18.0,985
D_426.11,986
D_410.51,987
D_410.42,988
D_574.30,989
D_575.0,990
D_V50.2,991
D_775.5,992
D_590.80,993
D_599.1,994
D_596.0,995
D_730.25,996
D_242.00,997
D_967.8,998
D_E852.8,999
D_304.00,1000
D_401.1,1001
D_737.39,1002
D_V85.25,1003
D_V44.6,1004
D_557.9,1005
D_E870.0,1006
D_508.1,1007
D_790.5,1008
D_790.4,1009
D_250.43,1010
D_403.10,1011
D_250.83,1012
D_V12.55,1013
D_E944.4,1014
D_V02.61,1015
D_201.90,1016
D_279.00,1017
D_577.9,1018
D_965.02,1019
D_969.3,1020
D_E850.1,1021
D_E853.8,1022
D_038.12,1023
D_250.70,1024
D_443.81,1025
D_529.0,1026
D_366.9,1027
D_038.40,1028
D_054.3,1029
D_730.27,1030
D_377.41,1031
D_730.07,1032
D_731.8,1033
D_574.50,1034
D_138,1035
D_718.47,1036
D_487.0,1037
D_428.43,1038
D_831.00,1039
D_480.9,1040
D_484.1,1041
D_799.0,1042
D_420.90,1043
D_V12.2,1044
D_V12.71,1045
D_780.2,1046
D_715.98,1047
D_336.3,1048
D_733.15,1049
D_453.52,1050
D_338.3,1051
D_574.60,1052
D_V64.4,1053
D_996.67,1054
D_711.05,1055
D_136.9,1056
D_250.11,1057
D_454.2,1058
D_427.0,1059
D_801.22,1060
D_331.3,1061
D_E880.1,1062
D_996.2,1063
D_288.8,1064
D_481,1065
D_840.4,1066
D_204.11,1067
D_303.91,1068
D_567.23,1069
D_996.02,1070
D_724.02,1071
D_568.89,1072
D_793.6,1073
D_455.8,1074
D_V53.31,1075
D_238.7,1076
D_586,1077
D_780.51,1078
D_600.0,1079
D_580.89,1080
D_E930.5,1081
D_288.50,1082
D_197.6,1083
D_453.42,1084
D_593.81,1085
D_573.8,1086
D_998.6,1087
D_567.29,1088
D_575.8,1089
D_783.0,1090
D_273.0,1091
D_550.90,1092
D_214.4,1093
D_420.91,1094
D_V12.01,1095
D_197.2,1096
D_453.2,1097
D_196.9,1098
D_597.89,1099
D_198.89,1100
D_E878.6,1101
D_730.09,1102
D_566,1103
D_907.2,1104
D_730.05,1105
D_730.15,1106
D_719.05,1107
D_E929.0,1108
D_304.71,1109
D_344.61,1110
D_965.00,1111
D_970.81,1112
D_E854.3,1113
D_305.03,1114
D_728.89,1115
D_E942.9,1116
D_891.1,1117
D_262,1118
D_348.89,1119
D_E929.8,1120
D_787.22,1121
D_E939.4,1122
D_743.61,1123
D_414.10,1124
D_196.0,1125
D_V10.87,1126
D_196.2,1127
D_423.3,1128
D_440.4,1129
D_337.3,1130
D_707.23,1131
D_E878.2,1132
D_789.01,1133
D_733.90,1134
D_300.11,1135
D_E938.3,1136
D_569.42,1137
D_625.9,1138
D_569.0,1139
D_V10.82,1140
D_437.8,1141
D_342.90,1142
D_322.9,1143
D_453.40,1144
D_345.70,1145
D_599.4,1146
D_426.52,1147
D_715.95,1148
D_755.63,1149
D_434.01,1150
D_289.82,1151
D_411.0,1152
D_410.92,1153
D_E932.3,1154
D_695.1,1155
D_853.01,1156
D_E936.1,1157
D_372.00,1158
D_237.3,1159
D_567.9,1160
D_V44.4,1161
D_041.02,1162
D_273.4,1163
D_V16.1,1164
D_802.4,1165
D_E884.9,1166
D_800.21,1167
D_519.02,1168
D_478.74,1169
D_519.19,1170
D_478.6,1171
D_860.3,1172
D_E813.6,1173
D_879.6,1174
D_959.8,1175
D_V55.3,1176
D_799.1,1177
D_270.0,1178
D_211.6,1179
D_304.21,1180
D_482.9,1181
D_289.59,1182
D_402.91,1183
D_996.04,1184
D_429.79,1185
D_852.00,1186
D_933.1,1187
D_E912,1188
D_682.8,1189
D_358.00,1190
D_440.31,1191
D_730.17,1192
D_191.3,1193
D_719.02,1194
D_191.2,1195
D_349.89,1196
D_V12.02,1197
D_V55.1,1198
D_410.01,1199
D_528.0,1200
D_009.2,1201
D_620.8,1202
D_716.90,1203
D_781.2,1204
D_151.0,1205
D_V10.04,1206
D_424.2,1207
D_786.02,1208
D_707.20,1209
D_V12.53,1210
D_485,1211
D_737.34,1212
D_738.4,1213
D_905.1,1214
D_426.89,1215
D_801.14,1216
D_E834.8,1217
D_802.0,1218
D_478.30,1219
D_192.1,1220
D_E936.3,1221
D_707.13,1222
D_562.01,1223
D_425.3,1224
D_737.10,1225
D_294.9,1226
D_682.0,1227
D_035,1228
D_569.69,1229
D_V10.03,1230
D_295.32,1231
D_295.30,1232
D_728.84,1233
D_E935.1,1234
D_211.4,1235
D_873.63,1236
D_E876.8,1237
D_260,1238
D_969.0,1239
D_786.03,1240
D_E950.3,1241
D_987.9,1242
D_E890.2,1243
D_851.82,1244
D_805.02,1245
D_345.80,1246
D_834.01,1247
D_041.49,1248
D_V54.13,1249
D_537.83,1250
D_537.9,1251
D_823.02,1252
D_574.51,1253
D_261,1254
D_782.3,1255
D_823.82,1256
D_250.42,1257
D_583.9,1258
D_571.1,1259
D_707.12,1260
D_305.63,1261
D_786.05,1262
D_414.2,1263
D_205.00,1264
D_205.30,1265
D_E878.4,1266
D_205.01,1267
D_516.8,1268
D_E931.9,1269
D_447.0,1270
D_V09.91,1271
D_882.2,1272
D_E922.2,1273
D_736.00,1274
D_V70.7,1275
D_445.81,1276
D_442.1,1277
D_438.7,1278
D_368.2,1279
D_435.2,1280
D_782.0,1281
D_429.89,1282
D_573.0,1283
D_604.99,1284
D_250.73,1285
D_560.2,1286
D_493.92,1287
D_362.84,1288
D_V53.91,1289
D_795.79,1290
D_283.19,1291
D_514,1292
D_E887,1293
D_883.1,1294
D_682.4,1295
D_411.89,1296
D_472.0,1297
D_429.83,1298
D_969.7,1299
D_292.11,1300
D_970.8,1301
D_333.92,1302
D_E854.2,1303
D_E939.2,1304
D_968.4,1305
D_292.84,1306
D_305.60,1307
D_E855.1,1308
D_887.2,1309
D_V15.1,1310
D_778.4,1311
D_375.55,1312
D_996.03,1313
D_512.8,1314
D_730.18,1315
D_765.27,1316
D_711.01,1317
D_730.04,1318
D_567.31,1319
D_555.9,1320
D_720.9,1321
D_V55.2,1322
D_150.9,1323
D_519.09,1324
D_701.5,1325
D_V02.59,1326
D_E915,1327
D_296.50,1328
D_482.42,1329
D_V13.02,1330
D_274.01,1331
D_V12.04,1332
D_220,1333
D_477.9,1334
D_793.11,1335
D_V16.3,1336
D_V16.0,1337
D_600.91,1338
D_172.5,1339
D_998.83,1340
D_V17.49,1341
D_535.51,1342
D_716.91,1343
D_414.04,1344
D_726.2,1345
D_429.71,1346
D_596.4,1347
D_532.20,1348
D_433.11,1349
D_787.6,1350
D_923.20,1351
D_914.2,1352
D_V15.88,1353
D_333.0,1354
D_E937.9,1355
D_292.12,1356
D_V12.72,1357
D_825.25,1358
D_550.91,1359
D_152.1,1360
D_279.01,1361
D_780.1,1362
D_152.0,1363
D_552.20,1364
D_112.84,1365
D_047.8,1366
D_049.8,1367
D_996.63,1368
D_V10.06,1369
D_852.01,1370
D_851.01,1371
D_E814.7,1372
D_999.3,1373
D_V58.83,1374
D_V49.73,1375
D_238.79,1376
D_765.19,1377
D_765.29,1378
D_770.6,1379
D_250.30,1380
D_112.4,1381
D_245.9,1382
D_958.7,1383
D_511.1,1384
D_466.11,1385
D_996.01,1386
D_277.39,1387
D_342.92,1388
D_196.5,1389
D_443.22,1390
D_583.89,1391
D_252.01,1392
D_753.10,1393
D_715.91,1394
D_527.2,1395
D_789.2,1396
D_574.10,1397
D_305.61,1398
D_491.22,1399
D_751.2,1400
D_749.00,1401
D_764.97,1402
D_742.1,1403
D_753.8,1404
D_427.60,1405
D_771.82,1406
D_756.19,1407
D_243,1408
D_742.59,1409
D_070.51,1410
D_223.0,1411
D_038.19,1412
D_305.51,1413
D_340,1414
D_195.3,1415
D_V55.6,1416
D_244.1,1417
D_053.79,1418
D_156.1,1419
D_997.69,1420
D_521.00,1421
D_746.4,1422
D_093.1,1423
D_070.20,1424
D_386.12,1425
D_E942.4,1426
D_462,1427
D_200.20,1428
D_996.39,1429
D_785.50,1430
D_E937.8,1431
D_562.00,1432
D_596.54,1433
D_288.3,1434
D_158.0,1435
D_194.0,1436
D_560.39,1437
D_543.9,1438
D_556.1,1439
D_702.19,1440
D_532.90,1441
D_596.7,1442
D_593.89,1443
D_242.80,1444
D_079.3,1445
D_E942.0,1446
D_996.44,1447
D_442.3,1448
D_709.8,1449
D_E947.9,1450
D_402.01,1451
D_569.82,1452
D_794.31,1453
D_323.9,1454
D_250.53,1455
D_227.0,1456
D_255.5,1457
D_250.03,1458
D_922.4,1459
D_569.61,1460
D_150.5,1461
D_286.5,1462
D_414.11,1463
D_429.4,1464
D_810.10,1465
D_251.2,1466
D_V60.0,1467
D_V10.89,1468
D_427.69,1469
D_440.8,1470
D_337.1,1471
D_250.13,1472
D_250.63,1473
D_307.50,1474
D_998.3,1475
D_575.3,1476
D_534.40,1477
D_V12.79,1478
D_005.1,1479
D_453.89,1480
D_574.00,1481
D_038.44,1482
D_453.72,1483
D_806.01,1484
D_E812.0,1485
D_V85.41,1486
D_344.01,1487
D_934.1,1488
D_569.5,1489
D_447.2,1490
D_789.05,1491
D_574.70,1492
D_533.70,1493
D_252.02,1494
D_366.8,1495
D_535.41,1496
D_211.1,1497
D_368.46,1498
D_454.9,1499
D_070.41,1500
D_813.44,1501
D_575.9,1502
D_999.32,1503
D_698.8,1504
D_518.3,1505
D_416.2,1506
D_715.35,1507
D_428.42,1508
D_917.2,1509
D_150.8,1510
D_272.2,1511
D_534.50,1512
D_088.81,1513
D_372.30,1514
D_040.82,1515
D_304.11,1516
D_057.9,1517
D_565.0,1518
D_309.9,1519
D_034.0,1520
D_434.90,1521
D_704.00,1522
D_715.89,1523
D_787.20,1524
D_410.21,1525
D_805.06,1526
D_305.40,1527
D_737.22,1528
D_288.04,1529
D_239.7,1530
D_244.8,1531
D_348.9,1532
D_232.9,1533
D_V16.9,1534
D_253.2,1535
D_484.6,1536
D_447.6,1537
D_729.30,1538
D_362.50,1539
D_286.3,1540
D_197.4,1541
D_368.16,1542
D_369.60,1543
D_193,1544
D_996.49,1545
D_696.1,1546
D_447.4,1547
D_800.22,1548
D_868.03,1549
D_922.32,1550
D_705.1,1551
D_V10.00,1552
D_053.9,1553
D_156.0,1554
D_742.9,1555
D_753.29,1556
D_420.99,1557
D_410.20,1558
D_756.79,1559
D_433.00,1560
D_575.10,1561
D_038.2,1562
D_054.9,1563
D_569.89,1564
D_E935.6,1565
D_607.84,1566
D_V53.39,1567
D_716.95,1568
D_531.70,1569
D_426.12,1570
D_054.2,1571
D_746.3,1572
D_518.51,1573
D_276.69,1574
D_449,1575
D_781.94,1576
D_799.89,1577
D_342.91,1578
D_881.02,1579
D_E956,1580
D_365.63,1581
D_824.2,1582
D_805.01,1583
D_722.4,1584
D_501,1585
D_263.0,1586
D_281.0,1587
D_695.89,1588
D_378.54,1589
D_237.5,1590
D_323.41,1591
D_781.0,1592
D_238.71,1593
D_E941.3,1594
D_410.02,1595
D_V85.0,1596
D_453.86,1597
D_453.6,1598
D_969.09,1599
D_968.0,1600
D_E950.4,1601
D_801.72,1602
D_801.62,1603
D_825.35,1604
D_825.31,1605
D_802.9,1606
D_892.1,1607
D_950.9,1608
D_820.8,1609
D_423.1,1610
D_466.19,1611
D_780.4,1612
D_542,1613
D_189.1,1614
D_189.2,1615
D_345.71,1616
D_281.2,1617
D_553.20,1618
D_536.49,1619
D_512.0,1620
D_995.90,1621
D_540.1,1622
D_482.39,1623
D_442.84,1624
D_569.84,1625
D_E870.4,1626
D_587,1627
D_272.1,1628
D_275.03,1629
D_277.7,1630
D_345.10,1631
D_420.0,1632
D_153.2,1633
D_V10.43,1634
D_298.9,1635
D_V45.74,1636
D_807.09,1637
D_V13.8,1638
D_E949.6,1639
D_295.72,1640
D_916.0,1641
D_370.8,1642
D_110.3,1643
D_608.86,1644
D_707.25,1645
D_410.61,1646
D_453.85,1647
D_716.96,1648
D_271.3,1649
D_996.71,1650
D_726.10,1651
D_441.6,1652
D_238.4,1653
D_444.21,1654
D_719.7,1655
D_719.07,1656
D_513.1,1657
D_478.24,1658
D_041.84,1659
D_041.5,1660
D_303.00,1661
D_174.9,1662
D_V45.85,1663
D_518.1,1664
D_250.81,1665
D_196.3,1666
D_174.8,1667
D_V62.84,1668
D_049.9,1669
D_789.1,1670
D_079.6,1671
D_758.0,1672
D_319,1673
D_336.8,1674
D_V13.09,1675
D_278.8,1676
D_864.01,1677
D_305.53,1678
D_V17.1,1679
D_201.50,1680
D_478.33,1681
D_729.81,1682
D_698.9,1683
D_611.1,1684
D_201.52,1685
D_370.34,1686
D_611.0,1687
D_362.81,1688
D_250.12,1689
D_851.81,1690
D_935.1,1691
D_715.36,1692
D_296.90,1693
D_784.41,1694
D_934.0,1695
D_794.2,1696
D_250.10,1697
D_289.89,1698
D_727.40,1699
D_850.11,1700
D_807.04,1701
D_802.8,1702
D_802.6,1703
D_E823.3,1704
D_813.41,1705
D_873.41,1706
D_870.0,1707
D_873.20,1708
D_834.02,1709
D_379.43,1710
D_376.52,1711
D_905.0,1712
D_308.2,1713
D_E944.7,1714
D_733.14,1715
D_866.02,1716
D_E816.0,1717
D_853.00,1718
D_788.42,1719
D_362.10,1720
D_337.20,1721
D_751.3,1722
D_V49.63,1723
D_E888,1724
D_813.42,1725
D_707.02,1726
D_282.5,1727
D_873.64,1728
D_E928.8,1729
D_780.03,1730
D_E930.9,1731
D_733.6,1732
D_295.62,1733
D_574.61,1734
D_576.4,1735
D_188.8,1736
D_V43.5,1737
D_070.71,1738
D_301.20,1739
D_608.4,1740
D_782.7,1741
D_301.22,1742
D_995.0,1743
D_E934.3,1744
D_995.29,1745
D_590.10,1746
D_713.5,1747
D_E870.8,1748
D_V85.43,1749
D_V49.87,1750
D_791.9,1751
D_250.52,1752
D_250.72,1753
D_362.02,1754
D_712.36,1755
D_345.40,1756
D_690.18,1757
D_278.1,1758
D_304.83,1759
D_620.2,1760
D_239.5,1761
D_244.0,1762
D_287.49,1763
D_304.03,1764
D_304.23,1765
D_852.26,1766
D_812.09,1767
D_861.21,1768
D_810.00,1769
D_708.0,1770
D_692.9,1771
D_522.4,1772
D_493.00,1773
D_379.92,1774
D_708.9,1775
D_786.07,1776
D_765.12,1777
D_765.22,1778
D_771.7,1779
D_748.60,1780
D_309.28,1781
D_571.0,1782
D_729.72,1783
D_354.0,1784
D_402.90,1785
D_532.00,1786
D_355.8,1787
D_E934.8,1788
D_601.0,1789
D_724.8,1790
D_E938.4,1791
D_394.2,1792
D_513.0,1793
D_279.51,1794
D_780.61,1795
D_V45.75,1796
D_729.5,1797
D_309.0,1798
D_967.9,1799
D_E852.9,1800
D_722.91,1801
D_429.5,1802
D_191.8,1803
D_681.10,1804
D_212.5,1805
D_202.60,1806
D_140.9,1807
D_173.0,1808
D_970.1,1809
D_362.34,1810
D_317,1811
D_530.19,1812
D_130.7,1813
D_786.8,1814
D_537.0,1815
D_007.4,1816
D_054.19,1817
D_441.00,1818
D_441.02,1819
D_733.41,1820
D_333.1,1821
D_965.01,1822
D_E850.0,1823
D_V15.2,1824
D_343.9,1825
D_318.1,1826
D_826.0,1827
D_694.4,1828
D_794.8,1829
D_473.3,1830
D_110.9,1831
D_E930.0,1832
D_564.89,1833
D_V55.4,1834
D_427.61,1835
D_V10.72,1836
D_414.12,1837
D_708.3,1838
D_759.82,1839
D_530.4,1840
D_552.3,1841
D_555.0,1842
D_607.83,1843
D_212.1,1844
D_295.80,1845
D_581.9,1846
D_441.7,1847
D_309.24,1848
D_719.43,1849
D_110.4,1850
D_453.82,1851
D_359.89,1852
D_304.90,1853
D_997.09,1854
D_595.0,1855
D_V10.42,1856
D_V46.1,1857
D_536.8,1858
D_780.96,1859
D_851.80,1860
D_807.03,1861
D_810.03,1862
D_811.03,1863
D_891.0,1864
D_695.4,1865
D_296.30,1866
D_V34.01,1867
D_348.0,1868
D_V01.89,1869
D_759.6,1870
D_359.9,1871
D_731.3,1872
D_493.21,1873
D_473.1,1874
D_070.31,1875
D_280.8,1876
D_V49.62,1877
D_459.89,1878
D_442.81,1879
D_300.01,1880
D_852.06,1881
D_686.9,1882
D_905.4,1883
D_E989,1884
D_787.29,1885
D_942.14,1886
D_E924.8,1887
D_821.21,1888
D_032.85,1889
D_996.42,1890
D_425.8,1891
D_305.21,1892
D_251.1,1893
D_112.3,1894
D_331.82,1895
D_404.91,1896
D_428.40,1897
D_494.1,1898
D_162.0,1899
D_V54.16,1900
D_726.5,1901
D_471.0,1902
D_530.89,1903
D_707.04,1904
D_533.40,1905
D_996.84,1906
D_710.4,1907
D_491.9,1908
D_334.1,1909
D_852.41,1910
D_806.62,1911
D_863.52,1912
D_E966,1913
D_715.96,1914
D_V85.37,1915
D_278.03,1916
D_685.1,1917
D_E878.5,1918
D_794.5,1919
D_704.1,1920
D_327.26,1921
D_729.39,1922
D_294.0,1923
D_614.6,1924
D_623.8,1925
D_211.2,1926
D_696.0,1927
D_250.31,1928
D_V64.41,1929
D_996.68,1930
D_787.4,1931
D_569.41,1932
D_238.2,1933
D_487.1,1934
D_173.7,1935
D_706.2,1936
D_041.10,1937
D_532.01,1938
D_153.1,1939
D_250.20,1940
D_780.65,1941
D_254.1,1942
D_250.33,1943
D_426.6,1944
D_277.1,1945
D_350.1,1946
D_722.90,1947
D_530.11,1948
D_368.40,1949
D_V45.72,1950
D_187.4,1951
D_353.6,1952
D_482.89,1953
D_345.50,1954
D_851.86,1955
D_461.0,1956
D_996.65,1957
D_751.62,1958
D_590.2,1959
D_647.81,1960
D_656.41,1961
D_641.31,1962
D_648.21,1963
D_279.3,1964
D_461.8,1965
D_154.1,1966
D_438.82,1967
D_E931.7,1968
D_225.4,1969
D_783.5,1970
D_924.00,1971
D_907.0,1972
D_555.1,1973
D_455.9,1974
D_555.2,1975
D_V15.41,1976
D_V29.3,1977
D_200.21,1978
D_289.4,1979
D_338.11,1980
D_564.2,1981
D_860.2,1982
D_346.00,1983
D_V85.1,1984
D_268.2,1985
D_259.9,1986
D_251.9,1987
D_924.8,1988
D_910.0,1989
D_813.33,1990
D_355.3,1991
D_816.01,1992
D_850.0,1993
D_919.0,1994
D_E939.3,1995
D_333.85,1996
D_V88.12,1997
D_747.62,1998
D_209.20,1999
D_992.0,2000
D_996.76,2001
D_765.15,2002
D_751.1,2003
D_041.9,2004
D_214.3,2005
D_480.1,2006
D_711.06,2007
D_647.83,2008
D_648.23,2009
D_648.13,2010
D_241.0,2011
D_851.02,2012
D_363.62,2013
D_765.18,2014
D_778.3,2015
D_812.20,2016
D_250.22,2017
D_V44.59,2018
D_V16.8,2019
D_172.9,2020
D_451.89,2021
D_785.2,2022
D_041.82,2023
D_V14.2,2024
D_998.30,2025
D_736.70,2026
D_782.4,2027
D_237.6,2028
D_781.1,2029
D_427.9,2030
D_728.87,2031
D_465.9,2032
D_463,2033
D_203.01,2034
D_464.51,2035
D_464.31,2036
D_814.08,2037
D_815.02,2038
D_320.82,2039
D_562.02,2040
D_372.73,2041
D_388.69,2042
D_303.92,2043
D_386.11,2044
D_860.4,2045
D_175.9,2046
D_344.04,2047
D_795.5,2048
D_153.6,2049
D_998.4,2050
D_605,2051
D_V15.84,2052
D_765.03,2053
D_770.5,2054
D_765.23,2055
D_786.06,2056
D_405.99,2057
D_041.83,2058
D_304.70,2059
D_273.3,2060
D_446.29,2061
D_200.80,2062
D_483.8,2063
D_304.61,2064
D_097.1,2065
D_127.2,2066
D_379.91,2067
D_711.03,2068
D_532.60,2069
D_389.7,2070
D_700,2071
D_703.8,2072
D_426.2,2073
D_580.9,2074
D_860.0,2075
D_E941.1,2076
D_800.12,2077
D_E817.1,2078
D_756.17,2079
D_608.89,2080
D_682.1,2081
D_890.1,2082
D_904.7,2083
D_866.01,2084
D_807.05,2085
D_807.2,2086
D_823.21,2087
D_410.12,2088
D_526.9,2089
D_338.21,2090
D_733.16,2091
D_380.4,2092
D_824.8,2093
D_V13.51,2094
D_478.5,2095
D_478.75,2096
D_724.4,2097
D_860.5,2098
D_863.89,2099
D_820.09,2100
D_300.3,2101
D_922.2,2102
D_379.23,2103
D_704.8,2104
D_012.15,2105
D_425.9,2106
D_428.9,2107
D_018.80,2108
D_263.8,2109
D_991.6,2110
D_443.29,2111
D_443.21,2112
D_446.20,2113
D_806.25,2114
D_295.60,2115
D_E941.0,2116
D_295.40,2117
D_344.30,2118
D_729.89,2119
D_041.2,2120
D_789.03,2121
D_269.8,2122
D_588.8,2123
D_240.9,2124
D_747.21,2125
D_305.91,2126
D_796.2,2127
D_385.89,2128
D_765.02,2129
D_772.12,2130
D_478.79,2131
D_558.3,2132
D_478.19,2133
D_200.28,2134
D_208.00,2135
D_552.1,2136
D_451.83,2137
D_794.39,2138
D_996.57,2139
D_009.1,2140
D_530.5,2141
D_569.1,2142
D_E878.3,2143
D_456.0,2144
D_356.1,2145
D_150.3,2146
D_423.8,2147
D_201.98,2148
D_457.1,2149
D_493.91,2150
D_616.10,2151
D_336.1,2152
D_357.6,2153
D_729.4,2154
D_713.1,2155
D_E876.1,2156
D_777.1,2157
D_765.25,2158
D_770.82,2159
D_787.3,2160
D_746.02,2161
D_289.8,2162
D_599.70,2163
D_789.31,2164
D_791.5,2165
D_963.0,2166
D_607.82,2167
D_770.8,2168
D_V58.49,2169
D_440.32,2170
D_170.7,2171
D_996.66,2172
D_V10.81,2173
D_296.99,2174
D_747.61,2175
D_729.2,2176
D_966.3,2177
D_596.9,2178
D_151.4,2179
D_198.6,2180
D_198.82,2181
D_151.9,2182
D_164.0,2183
D_V10.29,2184
D_453.3,2185
D_V54.23,2186
D_161.8,2187
D_V02.62,2188
D_125.1,2189
D_V10.21,2190
D_359.1,2191
D_806.00,2192
D_E884.3,2193
D_714.30,2194
D_770.3,2195
D_770.2,2196
D_776.1,2197
D_775.7,2198
D_603.9,2199
D_770.89,2200
D_441.1,2201
D_V45.76,2202
D_E870.6,2203
D_274.11,2204
D_V56.0,2205
D_375.01,2206
D_370.00,2207
D_374.89,2208
D_394.0,2209
D_433.91,2210
D_766.1,2211
D_775.0,2212
D_358.01,2213
D_227.1,2214
D_252.08,2215
D_245.2,2216
D_702.0,2217
D_801.01,2218
D_801.21,2219
D_865.03,2220
D_783.3,2221
D_V26.51,2222
D_153.0,2223
D_V54.12,2224
D_996.31,2225
D_794.15,2226
D_438.21,2227
D_162.4,2228
D_803.21,2229
D_E968.2,2230
D_738.10,2231
D_569.86,2232
D_244.3,2233
D_331.83,2234
D_438.83,2235
D_780.93,2236
D_618.1,2237
D_V15.51,2238
D_198.7,2239
D_522.6,2240
D_483.0,2241
D_537.84,2242
D_287.3,2243
D_575.4,2244
D_698.1,2245
D_277.87,2246
D_331.9,2247
D_277.9,2248
D_284.89,2249
D_161.0,2250
D_V16.42,2251
D_294.21,2252
D_435.3,2253
D_018.94,2254
D_004.9,2255
D_747.81,2256
D_909.3,2257
D_111.9,2258
D_852.56,2259
D_E930.4,2260
D_096,2261
D_094.9,2262
D_349.0,2263
D_723.0,2264
D_784.49,2265
D_730.29,2266
D_824.4,2267
D_E927.8,2268
D_711.07,2269
D_E929.9,2270
D_275.49,2271
D_712.30,2272
D_804.25,2273
D_E988.9,2274
D_421.9,2275
D_534.00,2276
D_747.10,2277
D_772.11,2278
D_771.83,2279
D_730.26,2280
D_690.10,2281
D_150.4,2282
D_027.2,2283
D_571.9,2284
D_305.23,2285
D_305.22,2286
D_079.51,2287
D_535.11,2288
D_296.40,2289
D_293.89,2290
D_238.77,2291
D_277.4,2292
D_528.01,2293
D_601.9,2294
D_535.10,2295
D_791.0,2296
D_550.11,2297
D_745.4,2298
D_550.92,2299
D_752.51,2300
D_V04.82,2301
D_861.22,2302
D_571.42,2303
D_952.00,2304
D_721.1,2305
D_337.9,2306
D_273.9,2307
D_273.1,2308
D_720.0,2309
D_289.3,2310
D_745.10,2311
D_962.3,2312
D_E858.0,2313
D_047.9,2314
D_461.9,2315
D_478.0,2316
D_470,2317
D_695.3,2318
D_574.41,2319
D_901.0,2320
D_864.05,2321
D_813.21,2322
D_780.31,2323
D_355.2,2324
D_V45.61,2325
D_361.9,2326
D_360.00,2327
D_V14.0,2328
D_361.05,2329
D_722.52,2330
D_635.02,2331
D_633.10,2332
D_620.1,2333
D_250.90,2334
D_707.10,2335
D_281.8,2336
D_009.3,2337
D_031.2,2338
D_E888.1,2339
D_377.75,2340
D_488.1,2341
D_357.7,2342
D_478.32,2343
D_902.34,2344
D_902.33,2345
D_681.00,2346
D_V10.01,2347
D_719.06,2348
D_405.91,2349
D_E942.5,2350
D_788.21,2351
D_793.0,2352
D_282.9,2353
D_304.20,2354
D_426.9,2355
D_506.0,2356
D_242.91,2357
D_719.49,2358
D_822.0,2359
D_307.1,2360
D_304.91,2361
D_435.8,2362
D_680.2,2363
D_286.0,2364
D_705.83,2365
D_686.09,2366
D_255.8,2367
D_157.8,2368
D_765.01,2369
D_764.91,2370
D_798.1,2371
D_478.11,2372
D_771.6,2373
D_996.79,2374
D_455.6,2375
D_598.9,2376
D_853.06,2377
D_781.8,2378
D_438.12,2379
D_438.13,2380
D_E850.4,2381
D_301.4,2382
D_304.10,2383
D_840.9,2384
D_304.02,2385
D_V69.8,2386
D_802.1,2387
D_873.42,2388
D_305.52,2389
D_535.30,2390
D_571.3,2391
D_E960.0,2392
D_133.0,2393
D_V71.4,2394
D_291.3,2395
D_715.09,2396
D_747.83,2397
D_770.4,2398
D_729.6,2399
D_040.0,2400
D_453.83,2401
D_936,2402
D_320.3,2403
D_553.8,2404
D_722.73,2405
D_259.4,2406
D_812.03,2407
D_285.8,2408
D_805.08,2409
D_873.8,2410
D_525.8,2411
D_959.14,2412
D_821.20,2413
D_344.9,2414
D_357.89,2415
D_753.3,2416
D_757.0,2417
D_759.89,2418
D_V10.47,2419
D_598.8,2420
D_V45.77,2421
D_425.7,2422
D_E917.4,2423
D_815.00,2424
D_750.4,2425
D_748.3,2426
D_759.9,2427
D_773.2,2428
D_796.1,2429
D_149.0,2430
D_V10.02,2431
D_146.3,2432
D_710.2,2433
D_E870.5,2434
D_783.1,2435
D_800.20,2436
D_965.8,2437
D_E850.8,2438
D_574.71,2439
D_874.4,2440
D_864.04,2441
D_808.43,2442
D_908.1,2443
D_696.2,2444
D_V15.29,2445
D_333.82,2446
D_972.4,2447
D_965.1,2448
D_453.9,2449
D_005.81,2450
D_289.0,2451
D_448.9,2452
D_852.02,2453
D_270.4,2454
D_728.13,2455
D_751.7,2456
D_560.0,2457
D_198.1,2458
D_228.02,2459
D_727.05,2460
D_999.89,2461
D_972.9,2462
D_E858.3,2463
D_E935.8,2464
D_357.4,2465
D_376.33,2466
D_727.51,2467
D_307.49,2468
D_V54.81,2469
D_719.03,2470
D_786.04,2471
D_752.49,2472
D_E941.2,2473
D_728.86,2474
D_582.2,2475
D_801.12,2476
D_V09.81,2477
D_781.7,2478
D_301.83,2479
D_309.3,2480
D_314.00,2481
D_305.41,2482
D_788.1,2483
D_V64.3,2484
D_442.0,2485
D_404.93,2486
D_345.00,2487
D_225.1,2488
D_388.61,2489
D_808.49,2490
D_E813.0,2491
D_971.3,2492
D_E855.6,2493
D_716.80,2494
D_716.99,2495
D_726.73,2496
D_V46.3,2497
D_V76.51,2498
D_714.9,2499
D_674.54,2500
D_446.4,2501
D_161.9,2502
D_215.4,2503
D_331.5,2504
D_511.89,2505
D_802.23,2506
D_921.2,2507
D_788.34,2508
D_529.8,2509
D_226,2510
D_041.01,2511
D_E929.3,2512
D_E849.5,2513
D_959.11,2514
D_389.10,2515
D_852.05,2516
D_852.25,2517
D_997.79,2518
D_345.51,2519
D_253.7,2520
D_345.41,2521
D_V12.41,2522
D_783.40,2523
D_788.91,2524
D_378.00,2525
D_279.4,2526
D_202.70,2527
D_058.89,2528
D_269.0,2529
D_338.18,2530
D_574.11,2531
D_537.4,2532
D_140.0,2533
D_873.9,2534
D_E955.4,2535
D_964.2,2536
D_820.20,2537
D_780.66,2538
D_E930.6,2539
D_812.00,2540
D_924.11,2541
D_404.03,2542
D_390,2543
D_130.0,2544
D_382.9,2545
D_031.9,2546
D_V31.00,2547
D_053.13,2548
D_745.2,2549
D_784.5,2550
D_535.20,2551
D_252.0,2552
D_530.2,2553
D_171.5,2554
D_567.81,2555
D_202.18,2556
D_202.11,2557
D_V17.4,2558
D_593.4,2559
D_V45.87,2560
D_922.1,2561
D_530.21,2562
D_558.1,2563
D_753.0,2564
D_535.31,2565
D_711.09,2566
D_183.0,2567
D_599.6,2568
D_411.81,2569
D_E930.3,2570
D_343.2,2571
D_787.03,2572
D_754.2,2573
D_153.3,2574
D_959.01,2575
D_304.30,2576
D_556.6,2577
D_E942.2,2578
D_146.4,2579
D_604.0,2580
D_793.5,2581
D_995.63,2582
D_054.10,2583
D_821.01,2584
D_788.99,2585
D_757.33,2586
D_295.20,2587
D_918.1,2588
D_786.2,2589
D_482.49,2590
D_530.20,2591
D_258.9,2592
D_250.21,2593
D_730.16,2594
D_807.00,2595
D_784.59,2596
D_E936.4,2597
D_V09.50,2598
D_V54.9,2599
D_157.0,2600
D_238.72,2601
D_046.3,2602
D_079.89,2603
D_237.71,2604
D_237.70,2605
D_996.52,2606
D_715.31,2607
D_V58.62,2608
D_805.07,2609
D_480.8,2610
D_726.71,2611
D_726.19,2612
D_434.10,2613
D_627.1,2614
D_615.9,2615
D_621.0,2616
D_560.32,2617
D_722.71,2618
D_952.05,2619
D_721.8,2620
D_053.0,2621
D_E823.0,2622
D_801.00,2623
D_V12.52,2624
D_800.26,2625
D_801.26,2626
D_582.1,2627
D_583.1,2628
D_172.0,2629
D_535.61,2630
D_300.9,2631
D_581.1,2632
D_453.87,2633
D_V14.8,2634
D_746.89,2635
D_737.19,2636
D_807.08,2637
D_709.01,2638
D_V62.6,2639
D_244.2,2640
D_V20.2,2641
D_780.59,2642
D_V54.89,2643
D_701.2,2644
D_404.01,2645
D_296.32,2646
D_282.2,2647
D_V12.42,2648
D_271.0,2649
D_V74.1,2650
D_272.6,2651
D_300.22,2652
D_934.8,2653
D_723.5,2654
D_737.32,2655
D_682.5,2656
D_415.12,2657
D_305.70,2658
D_451.0,2659
D_875.0,2660
D_801.20,2661
D_474.12,2662
D_277.6,2663
D_908.9,2664
D_202.83,2665
D_305.02,2666
D_519.3,2667
D_151.2,2668
D_386.30,2669
D_E826.1,2670
D_873.43,2671
D_595.1,2672
D_596.1,2673
D_536.2,2674
D_781.99,2675
D_614.3,2676
D_305.83,2677
D_552.29,2678
D_927.3,2679
D_E919.2,2680
D_883.2,2681
D_882.0,2682
D_903.3,2683
D_903.2,2684
D_886.0,2685
D_903.8,2686
D_719.54,2687
D_905.9,2688
D_724.03,2689
D_721.42,2690
D_379.90,2691
D_437.5,2692
D_887.0,2693
D_816.11,2694
D_815.10,2695
D_955.2,2696
D_955.3,2697
D_E919.4,2698
D_718.44,2699
D_324.9,2700
D_197.5,2701
D_018.03,2702
D_018.96,2703
D_426.10,2704
D_711.02,2705
D_438.53,2706
D_893.0,2707
D_446.5,2708
D_269.9,2709
D_154.0,2710
D_596.6,2711
D_824.5,2712
D_027.0,2713
D_197.1,2714
D_344.60,2715
D_238.8,2716
D_634.91,2717
D_154.3,2718
D_593.5,2719
D_584.6,2720
D_227.3,2721
D_377.39,2722
D_253.8,2723
D_648.04,2724
D_648.44,2725
D_666.34,2726
D_540.9,2727
D_999.5,2728
D_581.89,2729
D_E931.3,2730
D_787.99,2731
D_581.81,2732
D_286.52,2733
D_763.6,2734
D_218.9,2735
D_580.4,2736
D_865.00,2737
D_595.2,2738
D_878.2,2739
D_337.0,2740
D_V55.5,2741
D_525.9,2742
D_596.3,2743
D_865.04,2744
D_808.8,2745
D_862.29,2746
D_996.54,2747
D_V43.61,2748
D_346.20,2749
D_768.9,2750
D_205.10,2751
D_952.4,2752
D_861.01,2753
D_307.6,2754
D_619.0,2755
D_821.30,2756
D_821.23,2757
D_808.41,2758
D_V84.01,2759
D_801.25,2760
D_E819.0,2761
D_927.10,2762
D_813.52,2763
D_814.19,2764
D_815.19,2765
D_814.18,2766
D_881.22,2767
D_903.5,2768
D_903.4,2769
D_927.20,2770
D_719.47,2771
D_V10.86,2772
D_294.20,2773
D_E935.3,2774
D_523.8,2775
D_267,2776
D_284.19,2777
D_191.5,2778
D_438.30,2779
D_438.40,2780
D_117.5,2781
D_698.3,2782
D_790.93,2783
D_861.03,2784
D_157.2,2785
D_199.0,2786
D_V46.9,2787
D_683,2788
D_443.1,2789
D_429.6,2790
D_596.51,2791
D_429.0,2792
D_426.51,2793
D_747.63,2794
D_378.87,2795
D_374.30,2796
D_803.25,2797
D_522.5,2798
D_805.03,2799
D_972.6,2800
D_451.11,2801
D_265.1,2802
D_296.22,2803
D_735.5,2804
D_924.21,2805
D_786.30,2806
D_924.5,2807
D_512.84,2808
D_648.01,2809
D_284.9,2810
D_870.8,2811
D_212.7,2812
D_V02.4,2813
D_473.8,2814
D_800.15,2815
D_304.73,2816
D_800.31,2817
D_550.12,2818
D_823.92,2819
D_838.05,2820
D_906.4,2821
D_913.0,2822
D_353.0,2823
D_524.62,2824
D_205.02,2825
D_277.88,2826
D_008.47,2827
D_519.8,2828
D_474.8,2829
D_238.76,2830
D_868.04,2831
D_746.1,2832
D_362.30,2833
D_E930.7,2834
D_344.81,2835
D_202.10,2836
D_333.91,2837
D_V49.84,2838
D_718.49,2839
D_709.2,2840
D_790.2,2841
D_154.2,2842
D_780.62,2843
D_863.30,2844
D_863.50,2845
D_E938.2,2846
D_604.90,2847
D_228.1,2848
D_E931.5,2849
D_922.31,2850
D_E849.3,2851
D_957.1,2852
D_301.7,2853
D_304.22,2854
D_305.62,2855
D_445.02,2856
D_811.09,2857
D_422.92,2858
D_433.01,2859
D_433.21,2860
D_532.70,2861
D_368.8,2862
D_777.6,2863
D_765.13,2864
D_530.0,2865
D_780.8,2866
D_282.60,2867
D_053.71,2868
D_161.2,2869
D_E871.8,2870
D_278.02,2871
D_249.00,2872
D_525.10,2873
D_182.0,2874
D_556.2,2875
D_495.8,2876
D_287.9,2877
D_349.9,2878
D_410.32,2879
D_719.01,2880
D_198.0,2881
D_478.1,2882
D_256.4,2883
D_852.11,2884
D_E824.1,2885
D_464.11,2886
D_474.00,2887
D_290.41,2888
D_482.84,2889
D_722.11,2890
D_V10.88,2891
D_437.1,2892
D_344.2,2893
D_796.4,2894
D_788.63,2895
D_300.02,2896
D_574.01,2897
D_V29.2,2898
D_611.8,2899
D_596.59,2900
D_251.3,2901
D_V10.91,2902
D_727.61,2903
D_438.84,2904
D_958.8,2905
D_286.4,2906
D_550.10,2907
D_608.83,2908
D_565.1,2909
D_V58.12,2910
D_V01.1,2911
D_120.9,2912
D_813.08,2913
D_493.02,2914
D_532.10,2915
D_292.9,2916
D_564.7,2917
D_438.19,2918
D_290.0,2919
D_212.6,2920
D_710.1,2921
D_344.09,2922
D_327.27,2923
D_327.21,2924
D_952.9,2925
D_625.8,2926
D_V03.82,2927
D_537.81,2928
D_722.83,2929
D_695.9,2930
D_307.51,2931
D_V90.89,2932
D_584.8,2933
D_V16.41,2934
D_426.53,2935
D_442.82,2936
D_E980.0,2937
D_464.00,2938
D_629.89,2939
D_958.2,2940
D_801.35,2941
D_967.0,2942
D_811.00,2943
D_438.6,2944
D_196.8,2945
D_535.00,2946
D_V02.9,2947
D_712.38,2948
D_447.9,2949
D_742.4,2950
D_V65.3,2951
D_905.3,2952
D_787.60,2953
D_575.12,2954
D_564.0,2955
D_601.8,2956
D_806.16,2957
D_806.31,2958
D_861.31,2959
D_900.89,2960
D_E965.4,2961
D_E969,2962
D_770.84,2963
D_748.69,2964
D_304.60,2965
D_078.11,2966
D_296.34,2967
D_710.3,2968
D_305.93,2969
D_599.60,2970
D_618.02,2971
D_625.6,2972
D_279.52,2973
D_374.52,2974
D_760.75,2975
D_747.3,2976
D_V03.81,2977
D_V06.3,2978
D_527.7,2979
D_998.51,2980
D_236.7,2981
D_202.81,2982
D_395.2,2983
D_E947.0,2984
D_593.82,2985
D_191.0,2986
D_626.6,2987
D_924.10,2988
D_800.25,2989
D_E818.1,2990
D_151.8,2991
D_810.02,2992
D_778.6,2993
D_594.1,2994
D_E869.8,2995
D_535.70,2996
D_272.8,2997
D_735.4,2998
D_780.99,2999
D_541,3000
D_808.53,3001
D_E918,3002
D_258.8,3003
D_575.6,3004
D_996.83,3005
D_V42.1,3006
D_571.49,3007
D_271.8,3008
D_422.91,3009
D_737.12,3010
D_722.51,3011
D_738.5,3012
D_V58.73,3013
D_E929.4,3014
D_300.29,3015
D_389.12,3016
D_377.16,3017
D_377.10,3018
D_327.25,3019
D_341.8,3020
D_758.5,3021
D_272.7,3022
D_V85.35,3023
D_233.0,3024
D_E901.0,3025
D_847.0,3026
D_618.8,3027
D_617.0,3028
D_V58.11,3029
D_528.00,3030
D_620.5,3031
D_756.83,3032
D_377.30,3033
D_372.39,3034
D_164.3,3035
D_531.20,3036
D_692.0,3037
D_692.89,3038
D_482.30,3039
D_336.0,3040
D_354.8,3041
D_333.90,3042
D_156.2,3043
D_E870.2,3044
D_215.5,3045
D_528.3,3046
D_588.0,3047
D_794.9,3048
D_V58.1,3049
D_422.93,3050
D_341.9,3051
D_279.03,3052
D_626.8,3053
D_820.03,3054
D_202.00,3055
D_285.3,3056
D_164.1,3057
D_836.0,3058
D_836.1,3059
D_715.16,3060
D_719.16,3061
D_V16.49,3062
D_772.13,3063
D_079.53,3064
D_607.89,3065
D_275.1,3066
D_290.3,3067
D_632,3068
D_646.23,3069
D_648.63,3070
D_648.93,3071
D_396.1,3072
D_238.1,3073
D_807.5,3074
D_900.02,3075
D_802.20,3076
D_874.2,3077
D_581.2,3078
D_867.7,3079
D_808.3,3080
D_839.79,3081
D_878.0,3082
D_926.0,3083
D_865.02,3084
D_E816.2,3085
D_518.52,3086
D_715.34,3087
D_354.3,3088
D_V54.27,3089
D_V18.59,3090
D_152.9,3091
D_V26.52,3092
D_110.5,3093
D_998.9,3094
D_362.31,3095
D_368.41,3096
D_296.33,3097
D_V85.22,3098
D_764.06,3099
D_751.69,3100
D_013.25,3101
D_881.10,3102
D_112.9,3103
D_454.0,3104
D_755.59,3105
D_V43.4,3106
D_758.9,3107
D_746.87,3108
D_799.3,3109
D_728.2,3110
D_008.5,3111
D_380.10,3112
D_803.11,3113
D_824.0,3114
D_008.69,3115
D_301.9,3116
D_395.9,3117
D_729.82,3118
D_793.2,3119
D_519.4,3120
D_945.32,3121
D_V54.26,3122
D_780.50,3123
D_E917.3,3124
D_534.90,3125
D_426.50,3126
D_574.81,3127
D_453.81,3128
D_121.1,3129
D_530.6,3130
D_383.9,3131
D_258.1,3132
D_075,3133
D_722.6,3134
D_351.9,3135
D_786.39,3136
D_512.2,3137
D_787.21,3138
D_787.23,3139
D_733.11,3140
D_200.01,3141
D_709.3,3142
D_363.20,3143
D_813.05,3144
D_880.03,3145
D_537.3,3146
D_853.02,3147
D_807.06,3148
D_E980.3,3149
D_599.69,3150
D_723.8,3151
D_961.8,3152
D_961.4,3153
D_V16.43,3154
D_772.14,3155
D_235.7,3156
D_V58.3,3157
D_728.85,3158
D_719.11,3159
D_443.24,3160
D_251.5,3161
D_358.9,3162
D_701.9,3163
D_715.97,3164
D_862.0,3165
D_540.0,3166
D_863.21,3167
D_756.10,3168
D_756.16,3169
D_958.92,3170
D_E823.2,3171
D_813.43,3172
D_379.40,3173
D_794.09,3174
D_716.16,3175
D_078.10,3176
D_802.25,3177
D_802.24,3178
D_873.54,3179
D_E965.0,3180
D_994.7,3181
D_E953.0,3182
D_603.8,3183
D_550.93,3184
D_428.1,3185
D_424.3,3186
D_718.31,3187
D_039.8,3188
D_958.0,3189
D_814.00,3190
D_996.75,3191
D_326,3192
D_746.81,3193
D_712.33,3194
D_764.94,3195
D_714.1,3196
D_806.09,3197
D_511.81,3198
D_354.9,3199
D_600.2,3200
D_601.1,3201
D_719.42,3202
D_997.49,3203
D_070.53,3204
D_684,3205
D_728.0,3206
D_110.8,3207
D_521.09,3208
D_274.82,3209
D_E967.4,3210
D_451.19,3211
D_906.3,3212
D_306.9,3213
D_300.21,3214
D_901.9,3215
D_444.9,3216
D_358.0,3217
D_804.35,3218
D_E801.2,3219
D_813.83,3220
D_391.1,3221
D_018.05,3222
D_018.95,3223
D_010.85,3224
D_438.22,3225
D_824.1,3226
D_823.22,3227
D_852.40,3228
D_E888.0,3229
D_E920.4,3230
D_881.00,3231
D_V10.61,3232
D_735.0,3233
D_727.1,3234
D_517.2,3235
D_812.01,3236
D_V49.71,3237
D_289.50,3238
D_806.06,3239
D_E883.0,3240
D_952.06,3241
D_344.03,3242
D_205.11,3243
D_873.1,3244
D_607.9,3245
D_047.0,3246
D_996.09,3247
D_255.0,3248
D_V44.50,3249
D_865.09,3250
D_902.23,3251
D_873.40,3252
D_727.42,3253
D_772.10,3254
D_742.3,3255
D_944.21,3256
D_V46.8,3257
D_969.8,3258
D_E854.8,3259
D_236.91,3260
D_810.01,3261
D_305.71,3262
D_429.1,3263
D_427.2,3264
D_746.09,3265
D_939.0,3266
D_V85.42,3267
D_V58.31,3268
D_989.89,3269
D_E861.3,3270
D_482.81,3271
D_794.4,3272
D_682.9,3273
D_774.31,3274
D_V43.82,3275
D_806.8,3276
D_E848,3277
D_211.7,3278
D_287.1,3279
D_757.39,3280
D_294.11,3281
D_191.4,3282
D_989.3,3283
D_E950.6,3284
D_785.9,3285
D_924.01,3286
D_806.20,3287
D_523.9,3288
D_525.50,3289
D_525.12,3290
D_765.04,3291
D_E901.8,3292
D_203.80,3293
D_307.89,3294
D_952.08,3295
D_414.03,3296
D_691.8,3297
D_608.2,3298
D_V64.05,3299
D_413.1,3300
D_574.31,3301
D_464.30,3302
D_373.00,3303
D_793.4,3304
D_556.4,3305
D_772.4,3306
D_263.1,3307
D_710.5,3308
D_759.81,3309
D_359.71,3310
D_216.9,3311
D_E880.0,3312
D_816.00,3313
D_120.8,3314
D_471.9,3315
D_139.8,3316
D_233.7,3317
D_746.2,3318
D_070.9,3319
D_582.89,3320
D_173.5,3321
D_194.1,3322
D_308.0,3323
D_721.2,3324
D_775.89,3325
D_573.1,3326
D_E980.5,3327
D_158.9,3328
D_202.12,3329
D_202.13,3330
D_163.9,3331
D_595.9,3332
D_E945.2,3333
D_874.8,3334
D_E920.1,3335
D_863.0,3336
D_861.02,3337
D_752.61,3338
D_239.1,3339
D_348.2,3340
D_011.94,3341
D_730.13,3342
D_750.3,3343
D_414.19,3344
D_758.6,3345
D_118,3346
D_972.0,3347
D_977.8,3348
D_301.81,3349
D_E950.2,3350
D_V16.6,3351
D_362.74,3352
D_389.8,3353
D_342.01,3354
D_323.51,3355
D_270.7,3356
D_V18.3,3357
D_284.12,3358
D_V17.5,3359
D_V16.2,3360
D_E870.3,3361
D_959.12,3362
D_V15.04,3363
D_812.40,3364
D_812.21,3365
D_V54.15,3366
D_502,3367
D_516.0,3368
D_315.9,3369
D_296.24,3370
D_717.6,3371
D_V85.34,3372
D_052.9,3373
D_847.9,3374
D_572.1,3375
D_748.61,3376
D_E928.3,3377
D_594.9,3378
D_880.23,3379
D_927.8,3380
D_E919.8,3381
D_831.01,3382
D_881.20,3383
D_832.00,3384
D_727.00,3385
D_767.1,3386
D_807.4,3387
D_786.51,3388
D_782.5,3389
D_521.01,3390
D_282.4,3391
D_369.8,3392
D_995.27,3393
D_532.50,3394
D_966.1,3395
D_E855.0,3396
D_147.8,3397
D_147.9,3398
D_237.1,3399
D_318.2,3400
D_345.11,3401
D_323.81,3402
D_345.81,3403
D_342.81,3404
D_139.0,3405
D_342.10,3406
D_V85.30,3407
D_796.0,3408
D_342.11,3409
D_805.05,3410
D_356.8,3411
D_598.2,3412
D_987.8,3413
D_526.4,3414
D_365.23,3415
D_242.20,3416
D_365.70,3417
D_438.81,3418
D_851.96,3419
D_808.9,3420
D_879.7,3421
D_736.89,3422
D_738.8,3423
D_V54.01,3424
D_516.9,3425
D_337.29,3426
D_337.22,3427
D_E936.0,3428
D_200.02,3429
D_534.41,3430
D_531.50,3431
D_617.1,3432
D_744.41,3433
D_760.79,3434
D_754.81,3435
D_759.0,3436
D_743.63,3437
D_756.0,3438
D_750.19,3439
D_743.65,3440
D_233.3,3441
D_157.9,3442
D_616.4,3443
D_471.8,3444
D_473.2,3445
D_283.2,3446
D_429.3,3447
D_753.13,3448
D_786.4,3449
D_756.12,3450
D_163.0,3451
D_191.1,3452
D_865.01,3453
D_E821.0,3454
D_164.8,3455
D_516.36,3456
D_V63.8,3457
D_V56.1,3458
D_V54.11,3459
D_904.0,3460
D_333.7,3461
D_202.87,3462
D_334.9,3463
D_380.22,3464
D_909.9,3465
D_414.05,3466
D_282.40,3467
D_V14.5,3468
D_V15.08,3469
D_306.8,3470
D_608.9,3471
D_141.0,3472
D_E946.3,3473
D_478.34,3474
D_520.6,3475
D_376.01,3476
D_778.0,3477
D_772.6,3478
D_746.85,3479
D_648.03,3480
D_646.63,3481
D_649.03,3482
D_V61.8,3483
D_648.33,3484
D_E916,3485
D_806.29,3486
D_318.0,3487
D_824.6,3488
D_753.22,3489
D_161.3,3490
D_553.9,3491
D_552.02,3492
D_E878.9,3493
D_753.19,3494
D_997.91,3495
D_296.44,3496
D_E884.6,3497
D_600.90,3498
D_692.4,3499
D_E876.4,3500
D_446.7,3501
D_453.77,3502
D_453.75,3503
D_453.76,3504
D_701.8,3505
D_803.75,3506
D_E939.1,3507
D_695.2,3508
D_790.94,3509
D_242.10,3510
D_788.31,3511
D_726.33,3512
D_282.62,3513
D_352.2,3514
D_159.9,3515
D_236.2,3516
D_292.89,3517
D_111.8,3518
D_571.40,3519
D_377.49,3520
D_141.8,3521
D_144.9,3522
D_803.20,3523
D_137.0,3524
D_733.01,3525
D_782.8,3526
D_437.9,3527
D_E906.3,3528
D_882.1,3529
D_488.01,3530
D_996.88,3531
D_733.12,3532
D_378.42,3533
D_375.15,3534
D_389.00,3535
D_V10.62,3536
D_172.8,3537
D_812.42,3538
D_362.13,3539
D_V13.89,3540
D_998.01,3541
D_331.89,3542
D_372.03,3543
D_371.40,3544
D_250.23,3545
D_V70.3,3546
D_V40.0,3547
D_745.61,3548
D_751.4,3549
D_172.6,3550
D_757.32,3551
D_789.33,3552
D_783.41,3553
D_847.1,3554
D_715.37,3555
D_564.81,3556
D_339.89,3557
D_327.13,3558
D_307.81,3559
D_188.2,3560
D_863.39,3561
D_863.43,3562
D_325,3563
D_110.1,3564
D_V04.81,3565
D_250.32,3566
D_706.8,3567
D_919.8,3568
D_926.19,3569
D_864.03,3570
D_902.26,3571
D_E821.7,3572
D_863.29,3573
D_958.93,3574
D_767.19,3575
D_289.51,3576
D_300.12,3577
D_608.0,3578
D_374.31,3579
D_E881.0,3580
D_414.9,3581
D_556.8,3582
D_253.0,3583
D_V05.8,3584
D_952.02,3585
D_806.02,3586
D_382.01,3587
D_188.9,3588
D_616.2,3589
D_996.78,3590
D_V29.8,3591
D_771.8,3592
D_779.0,3593
D_V53.99,3594
D_840.8,3595
D_410.90,3596
D_453.1,3597
D_900.03,3598
D_736.72,3599
D_756.71,3600
D_921.0,3601
D_146.0,3602
D_E929.1,3603
D_E849.4,3604
D_784.42,3605
D_338.12,3606
D_599.72,3607
D_173.9,3608
D_458.1,3609
D_164.2,3610
D_727.82,3611
D_425.18,3612
D_336.9,3613
D_348.3,3614
D_342.00,3615
D_291.2,3616
D_804.70,3617
D_379.24,3618
D_592.9,3619
D_624.8,3620
D_203.10,3621
D_E930.1,3622
D_806.05,3623
D_357.3,3624
D_379.42,3625
D_290.43,3626
D_590.00,3627
D_789.51,3628
D_461.3,3629
D_279.50,3630
D_703.0,3631
D_E849.6,3632
D_551.20,3633
D_094.0,3634
D_532.30,3635
D_764.05,3636
D_680.6,3637
D_756.11,3638
D_730.06,3639
D_996.89,3640
D_008.63,3641
D_E944.3,3642
D_274.89,3643
D_726.60,3644
D_770.12,3645
D_246.9,3646
D_031.0,3647
D_601.2,3648
D_211.5,3649
D_519.9,3650
D_583.0,3651
D_582.0,3652
D_761.8,3653
D_E967.8,3654
D_995.81,3655
D_283.11,3656
D_790.22,3657
D_320.2,3658
D_349.81,3659
D_388.30,3660
D_V12.61,3661
D_V16.7,3662
D_V49.89,3663
D_451.9,3664
D_371.43,3665
D_V43.1,3666
D_995.2,3667
D_255.42,3668
D_279.06,3669
D_301.51,3670
D_997.99,3671
D_865.12,3672
D_851.40,3673
D_864.02,3674
D_873.49,3675
D_945.22,3676
D_E924.2,3677
D_E885.0,3678
D_461.1,3679
D_265.2,3680
D_232.5,3681
D_184.4,3682
D_230.6,3683
D_569.44,3684
D_078.19,3685
D_079.4,3686
D_585.1,3687
D_304.81,3688
D_618.5,3689
D_E871.4,3690
D_799.2,3691
D_V15.89,3692
D_701.4,3693
D_131.01,3694
D_239.6,3695
D_V15.59,3696
D_V43.0,3697
D_455.1,3698
D_E870.9,3699
D_214.2,3700
D_289.1,3701
D_952.03,3702
D_837.1,3703
D_873.59,3704
D_V02.51,3705
D_717.84,3706
D_616.50,3707
D_360.03,3708
D_361.89,3709
D_204.01,3710
D_V16.59,3711
D_415.0,3712
D_764.09,3713
D_287.30,3714
D_854.02,3715
D_728.71,3716
D_341.20,3717
D_E885.4,3718
D_727.89,3719
D_846.9,3720
D_210.1,3721
D_719.70,3722
D_701.0,3723
D_764.08,3724
D_755.50,3725
D_844.8,3726
D_225.0,3727
D_892.0,3728
D_853.05,3729
D_E819.9,3730
D_E901.9,3731
D_475,3732
D_331.19,3733
D_241.9,3734
D_368.11,3735
D_200.03,3736
D_616.8,3737
D_V17.0,3738
D_714.89,3739
D_217,3740
D_614.4,3741
D_730.02,3742
D_730.12,3743
D_334.0,3744
D_V72.81,3745
D_320.1,3746
D_320.7,3747
D_E917.9,3748
D_173.3,3749
D_V58.63,3750
D_E851,3751
D_508.0,3752
D_714.32,3753
D_176.3,3754
D_097.9,3755
D_800.85,3756
D_E906.8,3757
D_935.2,3758
D_V15.09,3759
D_E958.8,3760
D_041.03,3761
D_851.45,3762
D_813.31,3763
D_850.5,3764
D_959.9,3765
D_533.00,3766
D_747.49,3767
D_V13.69,3768
D_V85.38,3769
D_230.2,3770
D_478.20,3771
D_803.12,3772
D_V15.52,3773
D_202.82,3774
D_852.24,3775
D_806.03,3776
D_291.1,3777
D_730.01,3778
D_575.5,3779
D_701.3,3780
D_583.2,3781
D_252.8,3782
D_275.5,3783
D_995.67,3784
D_279.8,3785
D_681.02,3786
D_715.30,3787
D_627.2,3788
D_301.50,3789
D_V58.64,3790
D_216.5,3791
D_145.3,3792
D_956.3,3793
D_692.82,3794
D_995.3,3795
D_614.9,3796
D_305.43,3797
D_442.83,3798
D_694.5,3799
D_342.82,3800
D_070.59,3801
D_365.22,3802
D_V62.0,3803
D_003.0,3804
D_V02.3,3805
D_972.1,3806
D_764.04,3807
D_776.3,3808
D_765.21,3809
D_751.5,3810
D_376.30,3811
D_772.8,3812
D_V06.1,3813
D_V04.0,3814
D_524.60,3815
D_323.4,3816
D_V85.45,3817
D_747.32,3818
D_780.64,3819
D_V59.6,3820
D_173.2,3821
D_E858.2,3822
D_417.0,3823
D_023.9,3824
D_288.09,3825
D_201.91,3826
D_652.21,3827
D_644.21,3828
D_648.61,3829
D_648.31,3830
D_V27.0,3831
D_208.90,3832
D_806.08,3833
D_E910.2,3834
D_275.40,3835
D_600.11,3836
D_153.5,3837
D_616.0,3838
D_863.42,3839
D_599.84,3840
D_788.8,3841
D_312.9,3842
D_994.1,3843
D_E910.8,3844
D_960.4,3845
D_776.4,3846
D_779.8,3847
D_V66.0,3848
D_802.5,3849
D_802.7,3850
D_839.08,3851
D_718.88,3852
D_951.0,3853
D_376.89,3854
D_738.19,3855
D_491.8,3856
D_836.50,3857
D_863.40,3858
D_867.2,3859
D_904.42,3860
D_847.2,3861
D_823.80,3862
D_718.56,3863
D_282.8,3864
D_801.11,3865
D_E957.1,3866
D_E959,3867
D_279.53,3868
D_054.43,3869
D_932,3870
D_V58.41,3871
D_E955.0,3872
D_212.3,3873
D_738.6,3874
D_821.29,3875
D_607.2,3876
D_453.51,3877
D_446.21,3878
D_719.90,3879
D_794.01,3880
D_341.0,3881
D_323.82,3882
D_360.40,3883
D_807.07,3884
D_816.02,3885
D_E818.2,3886
D_E945.7,3887
D_733.20,3888
D_531.10,3889
D_160.2,3890
D_376.03,3891
D_171.0,3892
D_145.2,3893
D_904.50,3894
D_836.60,3895
D_904.41,3896
D_789.30,3897
D_V85.36,3898
D_343.8,3899
D_726.0,3900
D_E876.2,3901
D_202.20,3902
D_283.10,3903
D_V07.2,3904
D_590.11,3905
D_753.17,3906
D_V01.79,3907
D_088.82,3908
D_V42.89,3909
D_770.9,3910
D_764.02,3911
D_153.9,3912
D_296.23,3913
D_E940.1,3914
D_552.00,3915
D_730.97,3916
D_E879.4,3917
D_239.4,3918
D_507.8,3919
D_574.40,3920
D_200.70,3921
D_594.0,3922
D_143.9,3923
D_230.0,3924
D_148.1,3925
D_536.40,3926
D_195.0,3927
D_V02.0,3928
D_151.3,3929
D_759.3,3930
D_373.11,3931
D_800.71,3932
D_V10.69,3933
D_552.9,3934
D_434.00,3935
D_969.1,3936
D_290.10,3937
D_908.0,3938
D_825.0,3939
D_733.49,3940
D_347.00,3941
D_626.2,3942
D_453.84,3943
D_173.4,3944
D_292.82,3945
D_288.62,3946
D_354.5,3947
D_887.5,3948
D_854.05,3949
D_812.19,3950
D_903.1,3951
D_955.8,3952
D_V49.60,3953
D_837.0,3954
D_844.1,3955
D_V50.49,3956
D_V84.09,3957
D_924.3,3958
D_E943.3,3959
D_862.22,3960
D_459.10,3961
D_171.6,3962
D_338.28,3963
D_237.0,3964
D_851.73,3965
D_871.1,3966
D_255.2,3967
D_756.51,3968
D_335.11,3969
D_754.61,3970
D_755.64,3971
D_201.58,3972
D_623.5,3973
D_733.96,3974
D_718.45,3975
D_V85.39,3976
D_313.81,3977
D_361.07,3978
D_200.42,3979
D_200.40,3980
D_556.0,3981
D_726.69,3982
D_776.5,3983
D_E819.2,3984
D_574.80,3985
D_V46.14,3986
D_373.2,3987
D_369.01,3988
D_V56.2,3989
D_788.38,3990
D_V42.5,3991
D_617.9,3992
D_E938.5,3993
D_607.1,3994
D_V44.9,3995
D_999.33,3996
D_235.3,3997
D_484.3,3998
D_033.8,3999
D_351.8,4000
D_V86.0,4001
D_728.3,4002
D_115.90,4003
D_692.3,4004
D_704.09,4005
D_296.53,4006
D_270.6,4007
D_322.2,4008
D_799.01,4009
D_593.70,4010
D_779.5,4011
D_200.10,4012
D_441.9,4013
D_724.9,4014
D_523.40,4015
D_E858.9,4016
D_379.8,4017
D_911.0,4018
D_379.50,4019
D_320.9,4020
D_335.23,4021
D_383.00,4022
D_388.70,4023
D_980.2,4024
D_E860.3,4025
D_312.89,4026
D_E968.8,4027
D_425.11,4028
D_480.2,4029
D_E900.0,4030
D_196.6,4031
D_180.8,4032
D_V45.09,4033
D_851.85,4034
D_835.00,4035
D_362.11,4036
D_442.89,4037
D_378.10,4038
D_188.5,4039
D_625.5,4040
D_V61.42,4041
D_V61.0,4042
D_296.51,4043
D_531.11,4044
D_530.87,4045
D_944.26,4046
D_E988.1,4047
D_342.02,4048
D_369.9,4049
D_E935.4,4050
D_942.04,4051
D_E899,4052
D_373.13,4053
D_E938.7,4054
D_736.6,4055
D_154.8,4056
D_V85.24,4057
D_310.0,4058
D_453.0,4059
D_801.31,4060
D_801.16,4061
D_310.2,4062
D_E937.0,4063
D_295.92,4064
D_E943.0,4065
D_959.09,4066
D_432.0,4067
D_873.60,4068
D_746.9,4069
D_906.7,4070
D_333.72,4071
D_333.6,4072
D_V10.59,4073
D_569.9,4074
D_985.8,4075
D_427.42,4076
D_793.99,4077
D_686.1,4078
D_161.1,4079
D_E920.8,4080
D_188.3,4081
D_388.8,4082
D_941.27,4083
D_944.25,4084
D_944.23,4085
D_820.02,4086
D_806.21,4087
D_806.26,4088
D_851.89,4089
D_153.7,4090
D_686.01,4091
D_200.71,4092
D_519.11,4093
D_200.30,4094
D_V17.41,4095
D_258.01,4096
D_V18.11,4097
D_701.1,4098
D_611.71,4099
D_793.80,4100
D_523.31,4101
D_365.12,4102
D_V02.52,4103
D_839.01,4104
D_E812.6,4105
D_216.7,4106
D_530.84,4107
D_192.2,4108
D_602.8,4109
D_202.40,4110
D_726.91,4111
D_E812.3,4112
D_327.42,4113
D_V12.03,4114
D_235.4,4115
D_477.8,4116
D_862.1,4117
D_864.15,4118
D_786.00,4119
D_710.8,4120
D_830.0,4121
D_716.87,4122
D_110.0,4123
D_E944.1,4124
D_112.81,4125
D_V10.9,4126
D_299.00,4127
D_230.8,4128
D_216.3,4129
D_618.01,4130
D_286.1,4131
D_E854.0,4132
D_334.3,4133
D_712.13,4134
D_292.85,4135
D_755.67,4136
D_716.97,4137
D_307.59,4138
D_912.0,4139
D_E812.1,4140
D_312.34,4141
D_159.8,4142
D_352.9,4143
D_288.02,4144
D_297.8,4145
D_202.05,4146
D_868.09,4147
D_996.77,4148
D_302.50,4149
D_305.73,4150
D_482.32,4151
D_389.15,4152
D_784.92,4153
D_803.15,4154
D_213.7,4155
D_171.4,4156
D_338.22,4157
D_394.9,4158
D_249.81,4159
D_301.3,4160
D_V85.44,4161
D_558.2,4162
D_867.6,4163
D_310.9,4164
D_115.99,4165
D_736.71,4166
D_727.81,4167
D_417.9,4168
D_845.00,4169
D_E917.7,4170
D_793.89,4171
D_806.60,4172
D_253.1,4173
D_369.70,4174
D_V53.09,4175
D_349.31,4176
D_727.41,4177
D_203.02,4178
D_239.0,4179
D_528.09,4180
D_521.81,4181
D_410.22,4182
D_184.0,4183
D_433.81,4184
D_290.42,4185
D_E999.1,4186
D_008.43,4187
D_872.01,4188
D_142.0,4189
D_801.30,4190
D_274.00,4191
D_869.0,4192
D_302.9,4193
D_176.4,4194
D_176.8,4195
D_789.02,4196
D_249.01,4197
D_438.50,4198
D_V58.81,4199
D_989.4,4200
D_E863.7,4201
D_802.29,4202
D_802.22,4203
D_884.0,4204
D_692.6,4205
D_E958.9,4206
D_277.89,4207
D_132.0,4208
D_132.9,4209
D_813.02,4210
D_924.20,4211
D_783.6,4212
D_784.61,4213
D_E910.9,4214
D_365.89,4215
D_796.9,4216
D_200.23,4217
D_368.47,4218
D_517.3,4219
D_782.2,4220
D_239.2,4221
D_438.10,4222
D_V85.33,4223
D_147.1,4224
D_719.40,4225
D_813.32,4226
D_891.2,4227
D_E812.2,4228
D_833.00,4229
D_813.13,4230
D_879.5,4231
D_873.30,4232
D_996.47,4233
D_V13.65,4234
D_732.5,4235
D_V06.6,4236
D_793.81,4237
D_433.80,4238
D_275.9,4239
D_238.6,4240
D_437.7,4241
D_722.30,4242
D_868.13,4243
D_839.20,4244
D_774.39,4245
D_V58.44,4246
D_776.2,4247
D_772.0,4248
D_922.0,4249
D_576.3,4250
D_923.10,4251
D_850.4,4252
D_756.4,4253
D_362.51,4254
D_793.7,4255
D_V85.32,4256
D_969.71,4257
D_973.3,4258
D_E850.3,4259
D_E858.4,4260
D_200.50,4261
D_813.01,4262
D_E950.1,4263
D_E906.0,4264
D_969.5,4265
D_188.1,4266
D_298.0,4267
D_E920.5,4268
D_V49.85,4269
D_386.19,4270
D_712.35,4271
D_733.5,4272
D_349.39,4273
D_V16.51,4274
D_900.1,4275
D_E816.3,4276
D_218.2,4277
D_E934.6,4278
D_916.2,4279
D_532.41,4280
D_209.61,4281
D_478.25,4282
D_902.89,4283
D_812.31,4284
D_813.11,4285
D_881.01,4286
D_905.2,4287
D_718.42,4288
D_707.00,4289
D_698.2,4290
D_695.13,4291
D_695.50,4292
D_288.4,4293
D_790.8,4294
D_523.10,4295
D_249.60,4296
D_618.0,4297
D_484.8,4298
D_706.1,4299
D_302.85,4300
D_781.6,4301
D_627.8,4302
D_728.9,4303
D_256.39,4304
D_709.09,4305
D_152.8,4306
D_V49.65,4307
D_983.9,4308
D_E950.7,4309
D_789.39,4310
D_758.1,4311
D_551.8,4312
D_751.60,4313
D_754.82,4314
D_738.3,4315
D_057.8,4316
D_850.2,4317
D_512.89,4318
D_518.53,4319
D_866.00,4320
D_802.21,4321
D_V54.10,4322
D_741.00,4323
D_788.37,4324
D_801.10,4325
D_788.33,4326
D_284.11,4327
D_031.1,4328
D_276.61,4329
D_200.11,4330
D_942.09,4331
D_204.12,4332
D_386.10,4333
D_343.0,4334
D_315.31,4335
D_793.19,4336
D_789.60,4337
D_288.1,4338
D_V51.0,4339
D_760.72,4340
D_763.89,4341
D_V01.6,4342
D_V85.31,4343
D_362.06,4344
D_362.03,4345
D_362.05,4346
D_362.83,4347
D_726.11,4348
D_911.2,4349
D_912.2,4350
D_V69.4,4351
D_532.51,4352
D_603.1,4353
D_748.0,4354
D_443.23,4355
D_596.89,4356
D_V58.0,4357
D_049.1,4358
D_058.81,4359
D_130.9,4360
D_619.2,4361
D_E874.4,4362
D_295.12,4363
D_608.20,4364
D_E938.6,4365
D_788.64,4366
D_997.71,4367
D_879.8,4368
D_894.0,4369
D_948.50,4370
D_943.25,4371
D_945.19,4372
D_209.29,4373
D_209.72,4374
D_209.74,4375
D_209.79,4376
D_293.1,4377
D_V65.49,4378
D_722.2,4379
D_840.7,4380
D_444.09,4381
D_848.8,4382
D_730.24,4383
D_013.00,4384
D_013.30,4385
D_872.00,4386
D_289.52,4387
D_287.32,4388
D_198.81,4389
D_788.65,4390
D_355.6,4391
D_259.8,4392
D_359.5,4393
D_032.9,4394
D_853.09,4395
D_312.30,4396
D_516.33,4397
D_998.33,4398
D_996.41,4399
D_998.09,4400
D_512.83,4401
D_823.01,4402
D_923.00,4403
D_854.01,4404
D_112.83,4405
D_032.89,4406
D_938,4407
D_730.20,4408
D_180.9,4409
D_V15.05,4410
D_V49.61,4411
D_E871.7,4412
D_800.01,4413
D_287.2,4414
D_453.74,4415
D_453.71,4416
D_V09.1,4417
D_V56.8,4418
D_V14.3,4419
D_288.51,4420
D_516.34,4421
D_943.20,4422
D_E873.5,4423
D_825.32,4424
D_825.24,4425
D_923.11,4426
D_799.29,4427
D_801.44,4428
D_255.10,4429
D_378.9,4430
D_249.80,4431
D_E000.8,4432
D_708.8,4433
D_V14.6,4434
D_379.21,4435
D_999.71,4436
D_309.1,4437
D_E929.2,4438
D_320.89,4439
D_349.2,4440
D_620.0,4441
D_299.80,4442
D_962.7,4443
D_696.5,4444
D_426.54,4445
D_200.78,4446
D_V53.6,4447
D_746.01,4448
D_368.13,4449
D_274.03,4450
D_150.0,4451
D_550.00,4452
D_011.90,4453
D_246.8,4454
D_E874.8,4455
D_716.94,4456
D_616.89,4457
D_599.5,4458
D_953.5,4459
D_E938.0,4460
D_205.12,4461
D_368.9,4462
D_575.2,4463
D_195.8,4464
D_141.9,4465
D_E945.5,4466
D_374.20,4467
D_172.4,4468
D_172.3,4469
D_360.02,4470
D_V62.85,4471
D_923.03,4472
D_831.04,4473
D_784.69,4474
D_943.23,4475
D_945.34,4476
D_207.80,4477
D_526.2,4478
D_611.79,4479
D_174.4,4480
D_286.2,4481
D_249.11,4482
D_817.1,4483
D_955.6,4484
D_815.01,4485
D_204.02,4486
D_622.10,4487
D_801.76,4488
D_191.7,4489
D_335.22,4490
D_527.9,4491
D_789.37,4492
D_202.78,4493
D_115.05,4494
D_136.1,4495
D_921.3,4496
D_E939.7,4497
D_209.75,4498
D_396.9,4499
D_580.0,4500
D_996.80,4501
D_V02.53,4502
D_V88.21,4503
D_E945.1,4504
D_208.91,4505
D_E935.7,4506
D_V65.5,4507
D_909.0,4508
D_518.6,4509
D_839.05,4510
D_112.85,4511
D_901.81,4512
D_824.7,4513
D_E933.4,4514
D_965.61,4515
D_976.6,4516
D_148.8,4517
D_148.9,4518
D_158.8,4519
D_282.46,4520
D_E866.8,4521
D_309.4,4522
D_306.0,4523
D_618.00,4524
D_695.15,4525
D_694.8,4526
D_741.93,4527
D_282.3,4528
D_372.40,4529
D_556.3,4530
D_306.1,4531
D_V87.2,4532
D_531.30,4533
D_780.33,4534
D_851.46,4535
D_551.21,4536
D_629.81,4537
D_202.01,4538
D_202.08,4539
D_099.3,4540
D_733.3,4541
D_150.1,4542
D_795.51,4543
D_995.80,4544
D_E967.0,4545
D_E858.8,4546
D_359.22,4547
D_E977,4548
D_868.02,4549
D_V10.84,4550
D_206.00,4551
D_322.0,4552
D_538,4553
D_728.6,4554
D_V18.9,4555
D_V48.9,4556
D_825.21,4557
D_082.49,4558
D_334.2,4559
D_355.0,4560
D_851.41,4561
D_800.36,4562
D_295.24,4563
D_597.0,4564
D_861.20,4565
D_E921.1,4566
D_478.4,4567
D_374.43,4568
D_714.81,4569
D_E816.1,4570
D_171.3,4571
D_786.01,4572
D_237.72,4573
D_958.5,4574
D_868.01,4575
D_861.00,4576
D_E865.4,4577
D_863.45,4578
D_870.1,4579
D_316,4580
D_053.11,4581
D_801.65,4582
D_355.79,4583
D_813.22,4584
D_804.76,4585
D_881.11,4586
D_803.01,4587
D_614.5,4588
D_348.82,4589
D_123.1,4590
D_377.01,4591
D_362.53,4592
D_801.70,4593
D_E819.1,4594
D_V55.8,4595
D_726.12,4596
D_569.60,4597
D_V11.8,4598
D_334.4,4599
D_759.2,4600
D_620.9,4601
D_381.4,4602
D_404.11,4603
D_E943.8,4604
D_695.81,4605
D_368.15,4606
D_275.01,4607
D_709.4,4608
D_440.9,4609
D_229.8,4610
D_V13.52,4611
D_478.21,4612
D_759.5,4613
D_916.4,4614
D_E906.4,4615
D_151.6,4616
D_375.30,4617
D_237.9,4618
D_V53.01,4619
D_952.04,4620
D_627.9,4621
D_172.7,4622
D_582.4,4623
D_339.12,4624
D_V44.8,4625
D_269.2,4626
D_801.02,4627
D_E813.2,4628
D_807.18,4629
D_951.5,4630
D_951.4,4631
D_327.37,4632
D_530.9,4633
D_996.43,4634
D_327.24,4635
D_E879.7,4636
D_E946.0,4637
D_354.1,4638
D_732.4,4639
D_531.41,4640
D_V85.23,4641
D_374.32,4642
D_373.12,4643
D_922.8,4644
D_173.1,4645
D_288.66,4646
D_176.5,4647
D_115.19,4648
D_176.1,4649
D_799.23,4650
D_780.53,4651
D_785.1,4652
D_921.1,4653
D_516.1,4654
D_872.61,4655
D_802.28,4656
D_906.0,4657
D_337.09,4658
D_V50.41,4659
D_782.61,4660
D_906.5,4661
D_906.8,4662
D_995.61,4663
D_493.81,4664
D_E866.9,4665
D_551.3,4666
D_727.09,4667
D_531.71,4668
D_V67.2,4669
D_V67.1,4670
D_V10.49,4671
D_626.1,4672
D_626.9,4673
D_V07.39,4674
D_716.15,4675
D_751.0,4676
D_996.53,4677
D_437.6,4678
D_787.1,4679
D_288.61,4680
D_961.0,4681
D_E857,4682
D_715.80,4683
D_975.2,4684
D_495.9,4685
D_905.6,4686
D_086.0,4687
D_447.73,4688
D_E825.7,4689
D_716.93,4690
D_715.94,4691
D_355.1,4692
D_300.14,4693
D_V10.60,4694
D_275.09,4695
D_811.01,4696
D_834.00,4697
D_736.20,4698
D_E920.9,4699
D_727.06,4700
D_969.72,4701
D_189.3,4702
D_528.5,4703
D_238.73,4704
D_E869.4,4705
D_954.0,4706
D_453.50,4707
D_681.11,4708
D_527.5,4709
D_V10.12,4710
D_817.0,4711
D_215.0,4712
D_036.0,4713
D_989.9,4714
D_969.01,4715
D_305.80,4716
D_239.89,4717
D_525.40,4718
D_454.1,4719
D_454.8,4720
D_221.8,4721
D_626.0,4722
D_909.5,4723
D_974.7,4724
D_718.65,4725
D_746.84,4726
D_371.89,4727
D_801.06,4728
D_823.20,4729
D_900.82,4730
D_958.99,4731
D_908.3,4732
D_780.94,4733
D_747.29,4734
D_589.0,4735
D_681.01,4736
D_941.00,4737
D_366.16,4738
D_V43.63,4739
D_802.30,4740
D_E922.0,4741
D_525.63,4742
D_802.38,4743
D_E922.9,4744
D_873.73,4745
D_873.74,4746
D_724.09,4747
D_V10.90,4748
D_802.36,4749
D_758.7,4750
D_V49.81,4751
D_573.5,4752
D_237.73,4753
D_188.4,4754
D_209.69,4755
D_V54.82,4756
D_E988.8,4757
D_362.33,4758
D_144.0,4759
D_786.9,4760
D_963.1,4761
D_E858.1,4762
D_908.6,4763
D_225.3,4764
D_272.5,4765
D_284.2,4766
D_274.02,4767
D_727.43,4768
D_338.0,4769
D_204.80,4770
D_282.43,4771
D_297.9,4772
D_814.02,4773
D_627.3,4774
D_379.22,4775
D_451.2,4776
D_053.12,4777
D_053.20,4778
D_365.44,4779
D_186.9,4780
D_996.45,4781
D_310.1,4782
D_V15.42,4783
D_V61.04,4784
D_343.4,4785
D_V64.06,4786
D_209.21,4787
D_209.73,4788
D_868.00,4789
D_902.41,4790
D_863.94,4791
D_E000.9,4792
D_713.8,4793
D_478.22,4794
D_378.86,4795
D_808.59,4796
D_903.01,4797
D_E805.2,4798
D_907.4,4799
D_784.99,4800
D_600.10,4801
D_569.71,4802
D_288.59,4803
D_091.9,4804
D_V45.88,4805
D_V61.41,4806
D_077.8,4807
D_203.12,4808
D_799.59,4809
D_852.23,4810
D_753.11,4811
D_528.6,4812
D_556.5,4813
D_787.04,4814
D_296.21,4815
D_008.41,4816
D_507.1,4817
D_E001.0,4818
D_726.65,4819
D_493.82,4820
D_969.05,4821
D_999.4,4822
D_V42.6,4823
D_714.2,4824
D_E939.9,4825
D_018.90,4826
D_642.33,4827
D_V01.7,4828
D_995.83,4829
D_E960.1,4830
D_E967.9,4831
D_719.44,4832
D_996.87,4833
D_648.91,4834
D_615.0,4835
D_670.12,4836
D_648.11,4837
D_664.01,4838
D_669.32,4839
D_665.31,4840
D_344.31,4841
D_748.2,4842
D_748.5,4843
D_V44.51,4844
D_730.23,4845
D_756.89,4846
D_813.03,4847
D_203.82,4848
D_576.9,4849
D_835.01,4850
D_718.35,4851
D_794.02,4852
D_718.40,4853
D_873.44,4854
D_370.24,4855
D_537.1,4856
D_525.11,4857
D_378.50,4858
D_350.9,4859
D_V84.89,4860
D_532.61,4861
D_V85.21,4862
D_339.00,4863
D_702.8,4864
D_874.02,4865
D_874.12,4866
D_259.2,4867
D_209.30,4868
D_337.21,4869
D_346.91,4870
D_232.6,4871
D_275.02,4872
D_706.9,4873
D_618.82,4874
D_422.0,4875
D_910.4,4876
D_E884.5,4877
D_303.02,4878
D_E927.0,4879
D_293.83,4880
D_V60.4,4881
D_380.14,4882
D_529.6,4883
D_E967.1,4884
D_712.39,4885
D_343.1,4886
D_282.0,4887
D_695.14,4888
D_695.51,4889
D_959.7,4890
D_715.04,4891
D_718.84,4892
D_814.03,4893
